EMS_ID,200901,200902,200903,200904,200905,200906,200907,200908,200909,200910,200911,200912,201001,201002,201003,201004,201005,201006,201007,201008,201009,201010,201011,201012,201101,201102,201103,201104,201105,201106,201107,201108,201109,201110,201111,201112,201201,201202,201203,201204,201205,201206,201207,201208,201209,201210,201211,201212,201301,201302,201303,201304,201305,201306,201307,201308,201309,201310,201311,201312,201401,201402,201403,201404,201405,201406,201407,201408,201409,201410,201411,201412,201501,201502,201503,201504,201505,201506,201507,201508,201509,201510,201511,201512,201601,201602,201603,201604,201605,201606,201607,201608,201609,201610,201611,201612,201701,201702,201703,201704,201705,201706,201707,201708,201709,201710,201711,201712,201801,201802,201803,201804,201805,201806,201807,201808,201809,201810,201811,201812,201901,201902,201903,201904,201905,201906,201907,201908,201909,201910,201911,201912,202001
0310162,,,3.3781443298969074,4.912447552447553,4.885273492286115,7.494241573033707,8.701889338731444,8.152114597544339,5.482566248256624,4.452407152682256,3.1128671328671325,5.7263795423956925,3.8200814111261874,3.482861400894188,3.4531799729364008,4.054149085794656,4.2260107816711585,4.477777777777778,7.020917678812416,11.470682730923693,4.086781609195403,5.646185286103543,3.6750352609308883,2.715290933694181,4.029098360655738,3.422585669781932,2.552957746478873,3.212239221140473,4.364594594594595,4.619777158774373,4.71763907734057,6.40752688172043,6.388284518828451,5.19878869448183,4.206582633053221,4.582795698924731,3.213858695652174,3.6833815028901737,2.8386331938633194,4.235335195530726,4.5615902964959565,3.9583098591549297,7.394736842105263,6.8299052774018945,7.864444444444444,4.168070652173912,3.7735376044568247,2.3170068027210884,7.371467025572005,5.350819672131148,4.97136431784108,4.540294117647059,5.943283582089552,5.138687150837989,7.052140672782875,5.789280868385346,6.157719054242002,7.877883310719132,7.574474053295933,7.114125874125874,7.522745625841184,5.824404761904762,5.079491833030853,5.059726962457338,5.399586776859504,5.658888888888889,7.803783783783784,9.500278164116828,7.146534653465347,5.305510752688172,7.110972222222221,6.119198895027624,6.413950689459459,5.3405507270833334,5.595030912803234,4.9314342388489205,6.949826618513324,6.578838230125523,11.21636483018868,6.548799118768327,4.513929462444113,6.571930983471074,6.3541001882845185,3.978925908630137,5.227512580862534,3.8402879105187315,3.164437270524899,6.0973854386871515,5.132098134952766,4.959575657381615,5.25643910460251,6.529192824343015,4.634428785216179,3.5210755144217685,3.5289017476256985,6.792264836170213,6.090972065902965,5.260828826146789,3.579106919541779,3.8211023906162462,5.54473995,5.9075231533519545,6.756978364453666,20.66207765940171,9.645033814830509,5.620367845222073,5.311720677361111,7.197749583400809,3.7441288561238224,3.9345980509687037,4.184077761641992,3.8110720225071226,5.498306344743935,3.695459537660485,5.814186750422535,23.003913049125167,5.326412088684583,7.324644184594595,5.675600014385474,4.064098393279569,4.717269775438596,4.56444430880597,5.001527939645777,3.77551500292887,5.989121550471062,4.869261638440111,5.138322633333333,6.264922953061224,3.5276042811697574,4.727331841327913,6.109747892906815,3.9776383018893386,11.79089
0310172,,,,,,,,,,4.213675213675214,3.2777777777777777,5.743801652892562,2.948905109489051,4.019908116385912,3.367231638418079,3.735419630156472,4.591352859135286,4.187134502923977,7.146376812173914,11.127572016460906,4.667621776504298,7.836956521739131,6.756302521008403,6.0314637482900135,6.289835164835165,4.105867730038023,3.4530285376271186,4.39167908962597,4.619194586583463,5.454657489539748,5.7347346323836,6.483379281161473,6.8486777433903585,6.643785165402124,5.338077023842917,5.470040205962059,3.8225833934871103,3.4146297321571777,2.845053552917232,3.6482514549895324,4.68785565170068,3.8180680646521434,8.022060204192021,7.649880812372535,8.423041262282691,6.2707507132812506,5.620662060702876,3.4985968981623277,2.9865467783820527,3.164583062986003,3.224872981919332,2.8268738393501804,5.5291918224561405,6.152616279069767,8.314447592067989,5.919791227973568,7.323178725490196,7.2658251948404615,5.073393570724842,4.806437857919782,4.387782318953324,3.370367119631902,3.2341968371777474,3.375663883687943,4.50961492182189,3.3309099601809957,6.457171932188065,8.227981772203389,5.348250039393939,3.8788015374149665,5.842049475421349,4.627621761970854,4.684632070668693,4.49150136754717,4.867502860433604,5.286056018245614,6.8441752808268,5.830906188679244,14.4738722136,5.999932357481381,4.404842032740214,7.223239019073569,5.729627338596492,4.141173760530421,4.279425113464447,7.0078740157480315,,,,,,,,,,,,,,,,,,,,,,,,,,,,,,,,,,,,,,,,,,,,,,,
0310177,5.092016238159675,3.713690476190476,2.4386871508379886,4.313490959666203,4.06774628879892,7.637430167597765,7.745975443383356,7.843800539083558,5.429337094499295,3.8707988980716252,2.2367832167832167,4.221951219512196,2.7267567567567568,2.475336322869955,2.658648648648649,3.2823776223776227,3.799865047233468,4.2874301675977655,6.614381720430108,8.26576819407008,2.972447552447553,4.506048387096774,2.9306497175141244,2.153260869565217,2.269189189189189,2.464381520119225,2.160192837465565,3.022777777777778,3.9573924731182797,4.126815642458101,3.9915208613728126,5.183870967741936,4.59164265129683,4.652032520325203,2.7670391061452513,3.716689280868385,2.4384196185286102,2.2594516594516594,2.0334269662921347,3.871368715083799,4.489024390243903,3.373033707865168,6.700806451612903,5.3766106442577035,,,,,,,,,,,7.383160621761658,4.926805555555556,5.384158415841584,6.857004160887656,5.792211404728791,5.256698240866035,6.207192254495159,5.491654247391953,4.9722745625841185,4.854131054131054,6.459159663865546,6.301388888888889,7.358602150537634,9.978331090174965,6.979202279202279,5.126495726495727,6.727731092436975,5.9763122476446835,5.242769291814461,5.032851902980626,5.872381478522572,5.417512111111111,8.132014056451613,6.9582597986111105,11.81695863136176,7.822078176204819,4.577047339406779,7.356242457765667,6.231436636111111,4.187378127572017,4.3383782006033185,4.214956338129497,3.6843674076716013,6.632812518156425,5.585163072678331,5.183760430985915,5.198868467567568,5.163030400674764,4.145112397308782,2.594803461632653,2.2617142430183357,4.593683494109397,4.200472004258241,4.654762540840841,2.705095222770919,3.345420657461646,4.898223850404313,4.866236243810849,5.628097904312669,21.205920575521557,9.103546741364903,4.829845312634409,4.597941171905425,6.262592935249622,3.5765172314946616,3.8223860771641793,4.281661505114401,4.244715285257302,5.699710919137467,4.324915893178519,6.538031480161943,22.759486755585463,4.666879991759777,6.1744725506072875,4.503150635244755,3.2847159348178137,4.2448827985935305,4.4365557802690585,4.695686037092392,3.6165048845938377,5.557046513844086,4.18836475626741,3.752353155345061,5.691923969811321,3.7679288555555557,4.942272153773585,5.868498136363637,3.130194281994047,
0310179,5.7208163265306125,4.5657698056801195,3.438206896551724,5.236161335187761,4.860474860335195,8.157799442896936,9.555795148247977,9.156140350877193,5.385352112676056,4.525920873124147,3.1914463452566095,4.709176788124156,3.7571428571428576,3.52276295133438,3.188179347826087,4.286853146853146,4.415201192250373,2.9971428571428573,,,,5.122462562396007,3.3529329608938543,2.2740689655172415,3.2613821138211385,3.2055141579731745,3.3299319727891157,4.085138888888889,4.875403225806452,4.9610878661087865,5.355047106325707,6.568108108108108,5.802727272727273,5.38544474393531,4.1256624825662485,3.897304582210243,3.627777777777778,4.510738255033557,2.7169230769230768,4.945084269662922,5.2572580645161295,4.600836820083682,7.572812920592194,5.737978142076503,7.967697594501718,4.9535666218035,3.159046283309958,2.636941813261164,7.0,5.39952,5.497975708502024,4.657402234636871,5.284366576819407,4.094027777777778,6.689890710382514,5.708005427408413,7.775279329608939,9.290933694181327,7.430865921787709,6.146370967741935,6.974788732394367,6.17827380952381,4.940189445196212,5.2531944444444445,6.3098337950138506,6.021511627906977,7.939381720430107,10.897446236559139,7.611715481171549,5.772869318181818,6.646592489568845,6.093885869565218,6.050418416666666,5.25758953003003,5.726680162758621,5.430630479833101,8.073363109756098,7.0497638609467455,9.954082031724138,7.281123956140351,4.941026954102921,6.6992359180107535,4.5670469797687865,3.6314941573187416,4.585615524899057,4.238332706896552,4.183158622462788,7.159674000000001,5.920075104979811,5.302561023611111,5.646634793010753,6.916370640559441,5.580821864673157,4.320314909495549,5.328319938902743,5.4889065436619715,5.962411366941015,6.970802093695271,4.61671482782258,4.635141995833333,5.825048736545455,5.587777684593838,6.183428373297002,22.19468938744884,10.381850043055556,6.035110826244953,5.57626390681502,7.57046601814346,5.43440030596591,4.878254392101341,5.599006788918919,5.323728367409471,6.749383318072288,4.777738583457526,7.604772543741587,23.69530685907859,6.453537074047955,7.631826241105122,6.318347214548022,4.667307819001387,5.667847901756757,6.397296622916667,6.6083753131972784,5.423491215555556,10.631129522884882,8.341723615277779,8.465745849315068,9.341096551490516,5.266614115299027,6.793198307531381,6.17696249748954,3.65622080044843,2.8528
0450307,6.7534246575342465,11.428143712574851,5.012145748987854,6.001408450704226,4.6193724420191,6.808238636363637,8.722954731104652,7.627394098461538,6.712467366855524,5.5165361121621626,4.987867624301676,9.707648309759547,7.766760122535211,9.5355953632287,5.072262406849315,4.497254152777778,4.66164918724559,6.462410811697574,6.417209167315176,27.836012705759888,6.44575509972106,7.879836419594595,10.525226455365194,9.928921197164078,5.9759077099506,6.00899218025751,8.012065810040705,4.665778973352034,5.832737787755102,4.31552381438849,2.8774921031636866,4.404057916323731,4.573706097810219,5.884212141700405,4.3378400225903615,5.603168835249042,5.403674230094467,12.1696421057971,5.708353702445652,6.063483244072524,4.796519100280506,3.286839789827255,8.168965186889817,6.647348983310153,7.811125399433427,5.538932501381216,8.701238447075209,5.62486776344086,8.553851195985832,4.968409630126771,9.416868786146603,5.482852989561587,6.673838460544217,5.423676283560661,6.399366905608756,8.643094032899246,7.981256248908297,12.064385054458814,8.328749734822052,5.418856960837273,6.538862371794872,13.192963397897898,4.635537561949898,5.837916763231197,5.504214310912834,4.550700703433162,12.143967691256831,18.060754659059473,9.079297318149466,6.347819745644599,10.788351312674095,7.020110843962009,5.909999077961019,8.69663785038168,7.15935666718507,3.998812978813559,7.974492381725889,7.130826147540984,6.1471037540322575,6.297204263908703,6.811324766666667,10.468982923283983,13.746261665738162,9.565288948924731,12.912306286290322,9.835887989942528,10.183819669354838,8.250003472222222,7.219096973087819,5.729255120833333,5.335338885752688,6.285016878869448,6.238052888734353,8.911800213709677,8.908122304034583,11.277930426648723,10.472795912516824,7.359189218749999,6.500429503477051,5.417722175732218,7.476631959568733,7.420188314165498,14.954838904569892,39.305956812030075,,,,,8.952925817679558,10.925747254464286,8.82994548582996,8.772503847222222,8.903401644204852,8.318894058333333,11.499748275675675,83.24421847540984,11.8640001125,12.641792768817204,11.891242559109875,7.840284169354839,11.053905063172044,12.923824537202382,15.009692681451613,7.591777349295774,9.90009252097429,6.155377347826087,8.57343589761092,,,,,,
0500886,3.281081081081081,5.862068965517241,3.405698778833107,4.463040446304045,5.412307692307692,5.622002820874471,9.3701976458616,15.5829473259362,3.8380279970930236,3.340099773279352,4.389106940027895,4.375583835357625,6.7314015020188425,5.670033843517139,4.226960088195387,3.0089921573816154,2.2246748646820027,2.183947681118881,4.594179952638701,7.641198355281206,2.5804744089635854,5.580056916216217,7.013752443671765,4.032325948648649,3.639137569105691,4.242082864179104,3.717212537112011,2.9464540111576007,3.127054009433962,2.5772852201963534,2.8351422455902306,3.837005400815218,5.205590934449093,4.054031125336928,6.347817571229051,5.221613222371968,3.3173086059379218,5.101245203170029,2.939577019047619,3.8327080855457227,3.255897565629229,2.1971592591036417,6.413153725947523,4.870630371546961,5.558554012517385,4.073304365508365,7.475204671537926,4.6908541466039,4.959596678302533,5.3835142710566615,6.135396596832253,3.182354195093458,3.021919737556561,1.8361347548948512,4.2473544233807266,5.712935123066104,5.131512349650349,7.65028150303439,11.271892469644103,6.003370985858585,5.6395500195286195,5.249113366144668,5.351939055929919,4.345799218543046,2.789238911860718,3.2285901255572065,6.058985660601916,7.676894781650071,4.175310625915081,5.909603414965987,8.80472602124646,7.516614044254105,5.034373644683714,7.33099665390625,7.978829451351351,4.446037061281337,5.939212400000001,5.192183895688457,7.720639354054054,29.311074438172042,4.777510924581006,7.478552694892473,9.005811995833334,6.627129755047107,8.38248857795699,8.022914935107913,6.213452840324763,5.727380038942977,4.088000931451613,3.740357315277778,3.7763807661290323,5.20630057027027,2.9875369323671497,6.406246816438356,9.002315133518776,6.530038904441454,7.792850025537635,7.122385363095238,6.393252630156472,3.8046891874999997,4.451500225806452,4.0229062617960425,15.355011847736627,31.66959995698925,15.80784970338983,7.225643751344085,8.953923477203647,6.680231362903227,5.795896541554959,6.070671570149254,7.635084869623656,4.742286959610028,5.6165738721399725,3.6029813511235953,9.321418897435898,60.61426536363636,5.939352906685237,9.718448029569892,9.92570438122333,6.078091425876011,7.543833125168237,7.298394830357143,7.611644810483871,4.9115679499304585,5.432116601147776,3.6244331135531134,,,,,,,
0550502,7.421981004070556,7.317436661698957,3.2711171662125342,3.9816901408450702,2.9784656796769853,4.412676056338028,5.730775389443652,11.785306183856502,10.44714772222222,4.339774194482759,4.5708935757997216,8.051240401351352,6.432285678812416,5.298303942652329,3.8075065841209828,3.1169845245441796,2.6103458751696067,3.124660830645161,10.880634096336498,50.045941914446004,2.7704761241283125,4.422925677551021,5.732563983263599,7.0988677806539515,7.710645027027026,5.298553433130699,5.2089495283286125,3.9030334825174826,3.716375342818428,3.4778892945301543,2.2543316639676116,3.1550105842391303,2.8222725217391305,3.9484220094339624,6.011606433380083,6.6737513238866395,4.968578555555556,5.200525310791367,3.3102190366847823,3.2713065307262568,3.166827470668486,1.9515008467966573,6.680462507002801,4.856408994528044,5.879509207865168,6.56937891307815,10.897298078756476,6.700599758807588,8.789523570460704,5.1616212,5.030763244952894,2.9539353407821225,2.932335728129206,2.584370350631136,3.8308302507556675,4.363064997767253,4.461844976339597,6.388479088375255,11.065411797760673,9.091493041750843,9.500923494824017,7.8556971053423625,6.071221739744452,4.037208294898672,3.6449082379661015,3.7186620886347392,14.234962623188405,13.579306031399316,6.190813873337999,4.280313957403651,10.280843362308762,8.103495624999999,7.351337906849315,8.010679431547619,7.203921753227031,2.996244827044025,4.16046875945946,3.378914766342142,5.488139305670816,3.938790931359354,3.5850634972222224,7.314846799731183,12.881326221870047,10.022186412634408,8.591015704301075,7.37611982183908,5.125277814516129,4.974021551532034,4.670160990553306,3.433750019444444,3.2287796357526886,4.372855358870968,4.477067328690808,6.3273186621803506,7.2949738899721455,9.988041528225805,11.014227102150537,10.234350541666666,6.401963322580646,5.519949431154381,4.401916461641992,5.280985913528591,89.50318731090175,52.68774911290322,18.229770973611114,6.454227597530864,10.353013409470751,10.351590733870967,10.281391832884097,9.173047034328357,7.680613576662144,6.101714885057471,1.6821105454545453,4.766888871830986,8.04928314789688,88.33339097774687,8.652941,9.92514329957204,11.499052134078212,7.455786262096773,10.35193982795699,10.570899602985074,10.273067332876712,4.955848490140845,6.5539361630276565,3.786569480631277,4.044471677419355,5.496740271505376,4.017847379166667,6.699224680107527,9.625340424791085,8.640845041666667,5.885902
0605008,,,,,,,,,,,,,,,,,2.935483870967742,4.720430107526882,9.533236994219653,22.47945205479452,5.194827586206896,7.907983761840325,11.385793871866296,9.341534008683068,10.940860215053764,9.706948640483384,7.814661134163209,6.397711015736767,7.201398601398601,6.502881844380403,6.136111111111111,5.633823529411765,4.743362831858407,8.114893617021277,9.344444444444445,9.648721399730821,6.408355795148248,8.511560693641618,5.513513513513513,5.624649859943977,6.743589743589744,6.480905233380481,10.805668016194332,8.813513513513513,10.11961057023644,7.934523809523809,9.457928802588997,9.432065217391305,14.116935483870968,9.842814371257486,7.8590785907859075,6.373408769448373,5.949728260869565,5.61756373937677,7.269662921348314,6.956164383561644,7.6407355021216405,8.368243243243244,14.336134453781513,11.990540540540541,11.066848567530696,8.407185628742514,7.7875507442489855,4.963737796373779,6.5152777777777775,5.4872521246458925,12.425174825174825,13.12037037037037,7.146067415730337,7.779591836734694,14.590062111801242,10.29245283018868,9.823450134770889,7.520361990950226,7.712871287128713,5.888866675706215,6.614571783383234,6.037399388728324,8.709239130434783,13.219086021505376,6.762640449438202,8.93070652173913,12.611961057023644,7.9062068965517245,8.548760330578512,8.589895988112927,5.698630136986301,8.447405329593268,8.043360433604336,5.398581560283688,5.37212449255751,5.921621621621622,8.776536312849162,8.985074626865671,9.768583450210379,10.876344086021506,10.884823848238483,9.488721804511279,5.11448275862069,5.726224783861672,6.32088520055325,4.87015579329609,28.555614190860215,67.84681078600269,20.38433451882845,6.083262501488095,8.382001386111112,7.303002900537634,7.122716071428572,9.04586699402985,7.748119173184358,5.499101342141864,6.779365272459499,5.402477288702928,8.31360298384926,61.071878300813005,7.741128177126917,9.866374903225806,12.017100405555556,6.660554208108108,7.4402292668463605,8.897618229166667,10.489575169354838,5.5262132946175635,7.589444850828729,5.024326541786743,5.4703595769764215,6.999537461641992,5.710252043055555,6.884618228802153,11.053505156338028,7.636610131034483,0.16211
E206271,,,,,,,,,,,,,,,,,,,,,3.722190201729106,5.589247311827957,3.6872159090909093,2.3642465753424657,3.2497282608695657,3.2387387387387387,2.4025920873124145,3.4362745098039214,4.159408602150537,4.098039215686274,4.113728129205922,5.505248990578735,5.580932203389831,5.767115902964959,3.7391180654338547,4.903387533875338,3.0517006802721087,3.095369030390738,2.7267029972752046,4.082033426183844,4.481732070365359,3.266620305980528,6.012162162162162,5.84383775351014,6.9231197771587745,4.827595628415301,3.968951048951049,2.477410468319559,6.474831763122476,4.775892857142857,4.060899182561307,3.905,4.662780898876405,3.8980555555555556,5.606240713224368,4.689112903225806,5.754061624649859,8.668960863697706,8.111838440111422,6.656767955801105,7.592469352014011,4.945089285714285,5.774260869565217,5.606430868167203,5.697993827160494,5.299827882960413,5.714479025710419,7.413172043010753,5.501947148817803,4.306500691562932,7.305718270571827,5.243994601889339,6.850168137393768,5.797171533333334,6.604665418132611,5.725441208695653,6.774433350404313,5.343891143472023,8.505981135752688,5.530188784789644,4.144248234463277,7.345861125340599,8.478931349788434,4.072150395693136,5.438355337381917,4.291092205755396,3.868092079545455,6.706028248956884,4.742870813765182,3.6404324766763847,3.6670284166666667,4.709916643550624,3.8227511854951186,3.6824104774018944,3.010890857043236,5.1386717746971735,5.501386399104478,4.96767815052161,3.8402591248655913,4.162912306946454,6.0442738553719,4.723208702679831,5.89357734,5.350118897352343,7.779340546657381,7.059036606469002,5.63620771103352,8.230383372043011,5.107418960110041,4.06092321119403,4.547143952893674,4.731692938561151,5.593649441374663,3.4426347556671444,5.542910898250336,22.51967254719888,5.2878988715877435,8.523241539780521,6.958706985515319,4.8082124272980495,6.823615497461213,5.765239270149253,7.0209878079561046,4.883183469444444,6.644901167206478,4.626160574408901,4.083726314799447,5.672273720360111,3.511406348885794,6.513757447210884,8.277340023365786,5.249784408310626,1.794393
E206589,,,,,,,,,,,,10.220416338335607,7.351214829071333,7.939428157657657,4.346670067658999,4.134708151388889,4.033347831444759,2.9136599274537693,4.848293427659575,8.782391758644067,4.416930804363124,6.263308584511784,10.920622206171108,14.327548178812416,12.376218971305596,11.666911392186325,8.084481414864866,7.160122910292073,5.371756510907812,3.387558938065414,2.492321500339905,3.2546083080260306,3.538046251572327,8.219437485849056,8.07843273991655,10.98639302425107,7.957248860418072,11.20372993073593,7.880074446140797,6.3497213300835655,3.623695467118644,2.927831651048951,5.346002173766058,5.089482464137931,4.206888063649222,9.853744147308783,11.818891914163089,15.188269339034205,21.97169666935484,15.719975866071428,14.247426312154696,4.91829939246779,3.8936738608949417,3.0238633338008416,3.147471128291695,3.861930420920502,5.158130610352265,9.642066624915826,11.24403939009072,11.580079995244565,10.987664875354108,11.65412411593119,5.771196269073569,4.295613129526463,3.7588430310391363,2.6271477764589513,3.3204297983870967,4.540926165123457,4.952495270710059,8.028134821705427,14.473356992784993,12.63252935752688,10.38531218548387,14.4580149375,9.401758194070082,5.14108049512987,6.0079751229050276,4.398845251046025,3.8443564260869567,3.888026693877551,3.956398230769231,9.22378582392473,11.750601845833332,14.970653517473119,12.005378348178137,9.630062827586206,7.670499477088949,4.599801129166666,4.390231720430108,3.0634867833333335,3.434853125,3.865428801886792,4.848943809457579,12.232963367071525,10.2200087375,11.469622784946237,15.963088991902834,12.243908296130954,6.990796368775236,5.504990700973575,3.4604981253369274,2.8731711941340783,2.6379679191374663,8.008972469529086,5.351405779661016,8.073397559139785,12.951396294853964,16.174690002702704,10.102668748595505,16.539412168168166,9.696816514986375,6.314997396935934,4.125361166890983,2.6160913149717513,6.3524240890410955,11.482059103773585,7.971885937413074,10.928179836021505,13.1482320625,9.530003303797468,,,,,,,,,,,,,
E207417,,,,,,,,,,,,,,,,,,,,,3.5134715025906735,5.056427604871447,4.173751783166905,3.688195386702849,4.491858887381276,3.632190760059612,2.8311141304347824,3.263091922005571,3.8620457604306866,3.793715083798883,4.112820512820512,5.278455284552845,4.998467966573816,5.935197817189632,5.255035460992908,5.589580514208389,3.850891632373114,3.6703976435935197,2.9073170731707316,3.673259052924791,4.266338582677165,,,4.7066831683168315,5.621508379888268,4.9668021680216805,5.169209039548023,3.129131652661064,10.257784431137724,6.358734939759036,6.440456989247312,5.590196078431373,5.604172461752434,4.613822284908322,5.9843876177658135,5.207458563535911,5.58326359832636,7.738053097345132,10.435725677830941,8.584005376344086,8.522257053291536,6.5598214285714285,5.028222523744912,4.578194444444445,4.999859943977591,4.728482972136223,5.2901269393511985,6.14758064516129,5.731710709318499,4.6756393001345895,9.139044481054365,7.668021201413429,6.8500860261348,5.591153748137109,5.443853476327116,4.711982936022253,6.830788009408602,4.84696147819063,7.443763454301075,4.732051030973452,4.37262308477237,7.303824113154173,8.647551777158775,4.948835985195155,6.945042710447761,6.427051343390805,4.272457073863636,5.923295442280946,5.049805939516129,4.247622875748503,2.8748054926900584,4.570170335579515,3.3472343550139274,3.774283269986541,3.9168918860335196,7.1494459735389615,8.340979963364994,6.694707205505952,4.216603797264022,3.9253086264943455,5.600545845148248,4.127214939412673,4.123977431738437,11.043396824291499,5.6450977818014705,6.932044271815719,6.271910196518105,8.656734552688173,5.707354043876178,4.490072928101644,5.604773310231924,4.5888976922005575,4.827114292577598,3.495886552,7.006531179331306,21.749605622102425,5.343872963560501,7.848923105006766,7.794113508484006,5.852110450343879,7.317164182319661,6.501424319701492,6.995189536856369,4.622246885138889,5.355667747638327,3.8682063155771904,4.19309132425876,5.423464340525588,3.783362255586987,6.736650514844804,10.08652825744089,5.790863601373626,4.655447
E207418,5.528108108108109,3.2232142857142856,2.545267489711934,4.1433147632311975,3.975876010781671,5.556328233657858,7.545833333333333,7.238088829071332,5.291596638655462,4.084010840108401,2.566713286713287,4.603360215053764,2.9283582089552236,2.7330357142857142,2.8106811145510835,2.4171568627450983,3.563257065948856,3.7656903765690375,5.4340053763440865,6.7088195386702845,3.3701262272089765,5.086008230452674,3.062764456981664,2.0571819425444597,2.965807327001357,2.8552083333333336,2.5247619047619048,3.0404526166902404,3.5060975609756095,3.9378186968838524,3.9245967741935486,4.9575268817204305,4.879803646563815,5.015208613728129,3.265083798882682,4.326891891891892,2.790340136054422,2.984149855907781,2.4871273712737128,3.7619414483821263,4.02330623306233,3.033986013986014,5.0944669365722,5.851573187414501,6.4418410041841,4.167755102040816,3.406824512534819,2.2956462585034014,7.440161725067386,5.773660714285715,4.968070652173913,4.510098176718092,5.349864498644986,4.761166429587482,6.43531799729364,5.333827493261455,6.05006993006993,8.409878213802434,7.545961002785515,6.211036339165545,8.056698240866035,5.498646616541353,4.6081232492997195,4.725,5.705390835579514,5.209457579972184,6.4831536388140165,8.811466666666668,6.029859154929577,5.002635658914729,8.476580459770116,6.377485380116958,7.138297279600571,6.036425023845007,6.5688348623481785,5.789150301966291,7.967444463315218,7.12838935883171,10.572593058171746,7.595791770889488,6.593435604488079,8.750206626686657,6.234815054469274,3.58655834320323,5.3222130484522205,4.301006275761974,3.5902799045020464,5.956207311609907,5.358150937062938,4.485920822050562,4.867567427932961,5.184930986216216,4.795725872067039,3.873712046594006,3.6132819279036825,4.67666010577957,4.851206673324214,4.246634501195815,2.8242183044534412,3.0157538575418994,5.17324867219973,3.932141963157895,4.737708709335442,16.377538437604457,8.27129183454039,5.637330056927298,5.045659001668985,7.044748228032345,3.9145009695945947,3.423560032835821,4.475074451282051,4.294280482984658,5.790886048626374,4.590312606478873,6.791159825471698,20.862103990148448,5.53004577018545,7.450636352695417,5.815371510055866,3.7738081904441456,5.438360464489796,5.023341109715994,5.036202160217983,4.072837650418994,5.865331552553763,4.637437272447553,4.705583942105263,5.770354974547984,3.1880187951048953,5.7374111712369595,7.186852177437326,4.479215498115747,3.641417
E207723,,,,,,,,,,,,,,,,,,,,,,,,,,,,3.507487520798669,4.0767575322812055,3.7789256198347108,4.473024523160762,5.612903225806452,5.550069735006973,5.858672086720867,3.628690807799443,4.287854251012146,3.028184281842819,3.0858823529411765,2.5839406207827262,4.0392706872370265,4.150477489768076,4.082763532763533,6.088679245283019,5.958596973865199,6.99138418079096,4.914176829268293,4.69958217270195,2.553370013755158,6.670080862533692,4.461458333333333,4.200269179004038,3.760972222222222,4.6858108108108105,4.0136936936936936,6.642607526881721,5.751153324287653,5.726507713884993,8.352956989247312,8.157203994293866,7.001589595375723,8.788709677419355,5.6046969696969695,4.616689655172413,4.809027777777778,6.09811320754717,6.700787401574803,6.824864130434783,9.019623655913978,6.871210013908206,6.060618279569893,8.560085227272728,6.215094339622642,6.742588446820028,5.391389072631579,5.63264982204301,4.868513855555555,6.833046642758621,5.722232931044349,9.10195540282258,6.444345823521505,4.589680983888889,7.169585577553764,7.714829155471125,2.912217623076923,3.478798480510753,2.988058792816092,2.4717225455645164,4.514825435470085,3.9742746174450554,4.000025656944445,3.815098371063257,5.153088309555855,4.220933972222222,3.481771309690444,3.393855720086705,6.550539559543011,6.044125801212938,5.34172177202381,3.4703597344827584,3.678921175833333,5.871791614594595,6.001563673846154,5.018118388167388,15.543427501747313,9.31687009652295,6.983900241105122,5.494369972600834,8.434014588575268,5.210538455390836,3.5663944349253733,5.128097285733513,5.20516506086351,6.358400892473118,4.25036656163142,5.662320032551724,22.589222439569312,5.021866136923077,7.396109403908356,7.44117183189415,4.102219897765363,5.086388860655737,5.108963851636905,6.9776864802342615,4.844637414047619,6.47207863450609,4.497008021696253,4.930826961574074,7.06104587854251,4.272678622239748,6.4188618389715835,7.816173814308426,4.363659035317998,1.248362
E208096,6.7506811989100814,9.903129657228018,5.4103260869565215,6.110335195530726,4.199445983379501,6.4620886981402,6.475296177004538,9.504631023383768,5.378088773195876,5.4456691513513515,5.531140861344538,8.300471560839162,8.03645103112314,9.201350162748643,5.920690902542374,4.403151928774929,4.651465136923076,4.988931100864554,7.7805635919220055,35.78049390483162,4.469451778873239,5.434685351800554,7.593936131810193,7.883689696172249,10.425436837162161,12.689837949165403,10.576553947225982,8.754293454611474,6.664429394451962,5.465037033405955,3.9841756971383147,6.414051555987558,5.841869122833459,7.694216416733709,8.593888224719102,9.65728058858859,6.406086439882698,13.038930075036076,5.254041045020464,5.371249583706356,6.05352056162465,4.14086283005618,9.7034663088033,8.994431113636363,9.437725670895523,7.711214498635744,12.26003132117812,8.029340634823848,12.826932625589226,9.249227383792048,8.645339551117129,5.725085966588967,5.690173317542561,4.944799748754448,5.4003273970007895,6.68193004525862,7.265818355045871,8.738183280028943,10.298782611111111,8.180747119272239,8.417208820703653,12.153043486486485,7.133215469044415,6.934017038732395,5.709045482420278,5.2187726496139,17.21341987912088,19.173159750186425,9.437780632005898,6.15964142633015,11.479751884315117,10.410410093167702,7.719213574410775,11.333042387892377,8.724159949556919,7.020259959738846,10.263654954177897,7.660732015277778,8.420248436486487,7.205369295698925,6.598904394444445,8.762998,12.505186402506963,9.605625208333333,11.721665631720429,12.771552908045978,8.354349955645162,8.373257574408902,7.946242045945946,5.659597336592179,5.074918771197846,6.294136979811575,6.460205883916084,9.13656053763441,9.490889787412588,11.143128852150538,11.099713521563343,9.168154291666667,9.719865431451613,6.949842504178273,6.92903582585034,7.10209598005698,26.232382120967742,43.13761987903226,14.852082881944444,9.109310731182795,13.052346136871508,11.528046529569892,12.560952787634408,10.16078988392857,11.584861419354839,8.35529403230337,9.30748821832884,7.637392240947075,10.138400760217984,81.4052684045699,12.040580711111112,11.636981056833559,14.174052785216178,8.842582654569892,12.016698189516129,13.156846642857143,16.603074967698518,8.225388466854724,9.601069115746972,5.3835363454039,5.598721684709067,6.344748838492598,4.739891604166667,8.250491572005384,9.19154316550765,8.09388919623656,5.292736
E209177,,,,,,,,,,,,,,,,,,,,,,,,,,,,,,,,,,,,1.6272727272727272,3.311404728789986,3.0365889212827986,2.304454022988506,3.2869318181818183,3.7911051212938007,3.2019718309859155,6.295558546433378,5.302830188679245,6.666386554621849,4.4081001472754044,3.0589635854341735,2.358206896551724,4.08125,5.236959761549925,4.72523616734143,4.447559274755927,4.4417004048583,3.514742698191933,5.684844384303113,4.55067385444744,5.0217270194986074,6.198250336473755,6.247638888888889,6.067607526881721,6.700404312668463,4.543964232488823,3.5983849259757736,3.36731843575419,4.689851150202977,4.261504424778761,5.66522911051213,8.394609164420485,5.482614742698192,4.643972602739726,5.992296918767507,5.386693548387097,5.039924517520215,3.9425622679582712,4.2739090702445655,4.2841165924895686,6.196658698216734,5.410853740909091,24.377163950672646,6.433723952182952,3.619493568845619,6.016404991902834,5.9614441559888585,3.53273401344086,4.699668137096774,3.5937727368876082,2.8431563904109587,5.382013805555555,4.408908190026954,3.7031418504166664,3.9552654432876713,5.245023834042553,4.231998287005649,3.0270899514864866,2.895878692767733,5.439466853108108,4.777189162938005,4.536694504321908,2.327128680753701,2.503525860306407,4.439006843816793,3.9665496649999996,4.970103270013755,20.89627248824324,9.958888082087448,5.425668933512786,4.360813821001391,7.199409733243607,4.415122832837838,3.625244067708333,4.035438989905788,4.064385822284122,5.804826753908356,4.021646753428572,6.126617948582996,23.01261162246279,5.419718092050209,6.7496650850202435,5.491573662804005,4.167200831763123,4.797997260893099,4.580969225671642,4.033108242759563,3.1947301058577406,5.523005948280605,4.477682338803895,3.8612391466367715,5.679209319246299,3.6294204729078015,4.084644339669421,6.310793437430167,3.4477858414535665,11.03422
E209178,5.581036834924966,4.951641791044776,3.2405479452054795,7.3122191011235955,4.391644204851752,6.40757363253857,6.866666666666666,6.521967654986523,4.5928366762177655,5.862243502051983,2.3975920679886684,5.167071524966262,2.287466307277628,2.8892857142857142,2.977291381668947,4.854189944134078,3.6551020408163266,3.1658456486042694,5.939377537212449,7.1389715832205685,3.099387755102041,7.389612188365652,3.3148783977110154,2.0278532608695654,2.9335149863760215,3.224962630792227,2.384345479082321,5.417464788732395,3.943951612903226,3.8579689703808184,3.7274193548387093,5.1840053763440865,5.4513966480446925,7.3971698113207545,3.9008547008547008,5.328688524590164,2.7305177111716623,2.9730253353204175,2.3870572207084466,5.867315716272602,4.447520661157025,3.1406944444444447,5.350544959128066,5.43972602739726,5.8635343618513325,5.468082191780821,3.807093184979138,2.30625,7.753637660485022,6.4374015748031495,6.860512129380054,7.511830985915492,5.908744710860367,5.150912778904665,5.876287262872628,4.7435364041604755,5.292264416315049,10.85139092240117,9.149778434268832,7.699710144927536,9.499864864864865,5.150615384615385,5.052941176470588,7.718979266347688,5.706877579092159,5.086858006042296,5.507248764415157,6.925528455284552,5.1298062593144556,6.080906593406593,9.808370702541106,5.72398316970547,6.75736331456044,5.816683869715142,6.243442752688172,8.883235508356545,7.185735713087248,5.161973163407821,7.788655993548387,5.736562361258741,6.699908983252033,10.92017861395664,11.03165669596662,3.8050131905913975,5.227257989247312,4.394678144507042,4.12624601643454,9.90438161125,5.436816002156334,3.4332386605451934,3.39771407846568,5.149787598209366,5.543062414206128,5.6236892848773845,4.276113219325153,5.2438912273657285,5.064298386792452,4.45063363761194,2.672082999326146,5.403751634449093,5.791393987087912,4.517673048044693,4.1683780519568145,15.294494194878705,7.665704634214186,9.448203570391062,5.916391467136812,7.526678774829001,3.8960248113207547,4.058501355886736,5.06921936585695,6.480155977019499,5.59218819972863,3.3103775784370475,4.9012488793758475,20.228378568741544,4.4830119405555555,11.581675820592192,8.611256386033519,4.956605499297753,6.6727080139001345,5.08964150685544,7.605739437057221,6.9561039710306405,5.383738731207599,2.786937994803371,3.117683323259053,5.129252676312247,3.8146278412256267,9.174047037912088,9.255285974079529,4.273809477665706,0.0
E216670,2.441930618401207,2.9488372093023254,2.8027027027027027,2.9233983286908076,1.9959459459459459,4.474545454545455,5.480594990502035,3.644853506738545,2.620981816058394,3.0615693795423957,2.0204488310055866,2.9477232611036337,3.827942487465181,4.34388503587444,2.180500425876011,2.2592521771269176,2.428165703146375,1.652929093704246,3.1835020997229915,4.634245067039106,2.1273913136427565,1.7030774965986395,2.567445725626741,3.112260584345479,1.9420624587280106,2.4875725519877676,4.132506555252387,2.385243658333333,2.293605535666218,1.6740973626220361,1.7446481594594594,2.0138261344086024,1.7886136629213483,2.109971540431267,2.7083403626062323,2.4867016292749655,2.3583759891891893,4.533566739067055,2.7393273162983425,2.4419314986072425,1.7342771022880215,1.6918754051282052,2.6871450147275406,2.678756695770805,1.9640459173669467,5.394046907608696,6.818925846153846,,,2.510482507692308,3.979808091655267,2.7801448805555555,2.886843037267081,2.2033677722222222,2.8722987455295734,2.736715551816958,2.8263328303198887,3.821800320970043,7.532763532763533,3.9654218533886585,6.849372384937238,5.38301043219076,6.187245590230665,4.767228177641654,5.907258064516129,4.749303621169917,4.88362652232747,6.379032258064516,5.3120567375886525,6.98110661268556,10.661559888579387,6.6834239130434785,5.97027027027027,5.576243980738362,5.855209742895805,4.188888888888889,5.504043126684636,3.8659217877094973,3.9150943396226414,3.1778975741239894,3.1298882681564244,6.234735413839892,5.847338935574229,6.338731443994602,5.82345013477089,4.409812409812409,4.4048582995951415,4.2325905292479105,3.857335127860027,3.8291316526610646,2.462132921174652,3.261119081779053,3.86908077994429,9.044474393530997,5.427777777777778,5.553306342780027,5.714285714285714,4.928464977645305,4.129380053908355,3.0545454545454547,3.5905405405405406,3.335195530726257,3.3059299191374665,4.7459239130434785,3.8305555555555557,3.714673913043478,6.332865168539326,5.470430107526882,5.742738589211618,4.792366412213741,5.640845070422535,5.446991404011461,4.376010781671159,3.98589562764457,6.211021505376344,7.183288409703504,5.389649923896499,4.098474341192788,5.158774373259053,5.627530364372469,4.086021505376344,4.012066365007541,6.408355795148248,5.112215909090909,6.427604871447903,3.901388888888889,3.1687074829931974,4.48168249660787,4.690280065897858,3.8315363881401616,3.707865168539326,4.421981004070556,11.0
E220217,,,,,,,,,,,,,,,2.8027027027027027,4.100520833333333,2.832404110989011,3.1947336686217014,5.309501990553306,7.471018259810555,3.1539285489361704,5.568751485753054,3.7221153870056494,2.2970103028263793,3.046341483130904,3.534838774096386,2.5102433768506054,2.919363417246175,3.230434553162853,3.351990811051693,,4.301296914529915,4.907637416783216,4.748837702156335,3.764404336122734,3.717456454790823,2.315906150406504,0.856925,,,,,,,,,,,,,,2.8950378716875873,3.072065653585927,2.925414692200557,4.889193064032697,3.7593620596205963,4.146116623249299,6.051856858299595,5.435620160621762,4.522255549842603,6.923210753030302,4.816535269433962,4.112653968701095,3.7375933021853807,4.496072817562968,4.057498485654304,5.823877628808864,6.487538167355372,4.874639070175439,5.875308302758621,8.12146403806735,5.298342521527778,5.825044553351573,5.460031812874251,5.616325878345499,4.748475185507246,7.071306775248933,5.289384502103787,7.118457300275482,6.699319727891156,4.673239436619719,8.562330623306233,7.525352112676057,3.780141843971631,5.610054347826087,5.493372606774669,4.695770804911323,5.847142857142857,5.139154160982264,3.230769230769231,3.821768707482993,4.661684782608695,4.018232819074334,4.921195652173913,4.903790087463557,5.01115760111576,7.198324022346369,4.656739811912225,3.5,3.934659090909091,5.491034482758621,4.611982881597718,4.492537313432836,16.115760111576012,7.314447592067989,5.9411764705882355,5.494860499265785,7.092413793103448,4.310489510489511,4.534668721109399,5.759890859481582,3.7150837988826817,5.2706359945872805,3.2092696629213484,5.7090663058186735,22.706284153005466,4.581005586592179,8.514945652173912,8.868715083798882,4.726902173913044,7.107046070460704,7.871406959152798,7.230978260869565,4.025387870239775,5.357142857142857,3.553041018387553,3.5994550408719346,4.51417004048583,3.3856942496493687,6.412162162162162,7.987465181058496,5.9427792915531334,0.0
E220891,3.56742934051144,3.4501510574018126,2.922537112010796,4.756206415620642,4.04375,5.958659217877094,7.257879656160458,7.860626702997275,4.378461538461538,3.696875,2.9903361344537815,3.2946236559139783,2.311216216216216,2.8408071748878925,3.4231707317073172,3.3451748251748255,3.6063013698630138,3.380985915492958,6.680354706684857,7.392721518987342,2.8357041251778092,5.286449864498645,5.2647619047619045,,2.6328094302554024,3.4286144578313253,2.678763440860215,2.920138888888889,3.507133243606999,3.9690909090909092,3.8553763440860216,6.6079945799457995,5.335664335664336,4.7040650406504065,4.664255910987483,5.207046070460705,3.2589115646258504,3.326461538461538,2.6360433604336047,4.056923076923077,4.403103913630229,2.8425952045133993,5.665680473372781,6.632492113564669,6.346926536731633,4.336204576043069,4.018587896253602,2.4217567567567566,4.658411843876177,5.270386904761905,5.786145404663924,4.738247566063978,5.798515519568151,4.664714086471409,6.66765498652291,5.466380543633763,5.153414264036419,8.214905149051491,5.756564245810056,6.184625850340136,4.641778975741239,3.494494047619048,4.568463611859839,4.658238636363636,4.6080753701211306,4.883380681818182,6.015591397849463,8.231897711978466,4.813384615384615,3.910363391655451,7.38133704735376,5.498240866035182,5.635680998639456,4.65838084244373,6.704047321621621,5.25813042698192,6.237093964959569,5.00230431323741,8.321341838897169,9.440682254705882,5.3197464762169675,8.32389697462888,9.729423710233918,4.253380823312884,3.596298096351352,4.165879875180376,3.8734589576248313,6.970038484261838,4.811400226344086,4.105601751185495,3.862747752203857,5.131884925770308,4.519193094712991,4.744401273144399,3.2641577222841223,4.599472197241379,4.53539148369863,4.43882696860119,3.3216632063257068,3.414324576836158,6.093949458887381,5.298023874373259,5.709278271177267,23.33314265411606,10.299731415921787,5.841876226145553,5.8023544411229135,3.985610557816712,3.3863750208613728,4.100856892261905,4.969975952162162,4.478361071568627,7.232112787432432,4.398735812407681,7.128174657219972,26.481109436069985,6.359800413135594,10.338834364242423,7.680078438579388,4.987933897173621,4.4671477310391365,5.900705707761194,9.32514952016461,5.551844358201893,8.75191547236662,6.2723201527120995,6.627691668463612,7.1454939245689655,3.773384769735007,5.894277438971584,7.4856976934449095,4.228876418571429,0.0
E222520,6.028493894165536,5.028485757121439,3.7896879240162824,3.464689265536723,2.9946236559139785,4.886871508379889,5.2054967088607595,4.60210493902439,3.0232715446927374,3.905120229419703,3.944336900837989,5.578012541160594,4.323676528301887,4.811099690582959,3.5954278183041724,3.065041018284107,2.5379493639774857,2.5336605863509747,2.277214240866035,7.254064044198895,2.68625139275766,4.802718334231806,4.6173657025139665,3.789256673024523,4.380183246278755,4.267767360655737,3.3448657364864864,3.003314748261474,2.671853040376851,2.447893746853147,2.333868885444744,2.7871426920684295,3.06517193986014,4.876391966124661,4.403829980337078,4.370596350948509,3.5742902622282604,3.8946775726618705,3.2241833930013457,2.0500867242990655,3.2803269703504045,2.289198131284916,3.6243293531799727,3.7808485431472083,3.4840818424543945,6.498433,5.496833556643357,3.7645680129032257,5.267689211858279,4.463344532380952,5.204244580753701,3.289174615010424,4.828964099353796,2.2210349132867133,2.503303319783198,2.8869196352459014,3.884881274125874,7.6211185316573555,12.446370927053824,8.82401269117647,9.211174963146703,7.762877558951965,4.339935351955307,3.738205261087267,5.130392898004435,5.166558230851689,5.764890798826979,5.01985458815427,6.1605115345080765,9.237200946236559,16.20307319607843,13.639566297843666,14.7123775679677,11.921281420029896,11.398534392211404,7.478846170807453,4.037536465543645,2.467889211786372,7.36323924184261,3.410082900763359,4.236058133704735,9.447730224764468,11.098365942817294,8.738964734776724,8.946871327935222,10.561008832853025,7.021174806451612,6.718138105782793,2.282303370786517,1.5545454545454545,2.269461077844311,3.0872093023255816,3.887769784172662,6.3243606998654105,6.016746411483253,,8.537270221467391,7.523356623511905,5.269582431266847,4.573292778911564,3.8545356642754665,4.595653179216868,5.486327712676056,13.592289463648834,7.301170970612813,9.124701147988505,9.258420069531251,14.050264024291497,29.20024,7.484644363636364,7.419697274456522,4.992138083798882,4.749390672651933,4.503506258720931,5.660147483825598,19.273529917355372,6.671610179080823,10.557305899057873,11.32631492040521,8.18444507972973,9.15834706729475,7.897029734724293,9.075848159277504,4.544232655988858,4.65096017679558,3.632836130498534,4.3292132335025375,5.1961346897038085,4.726404698005698,8.11323903112314,9.563206811715482,6.317996993252361,16.99023
E223615,,,,,,,,,,,,,,,,,,,,,1.5283754040404038,1.10291724,1.728226122562674,1.5378515094339622,1.1444387408056043,1.1443313338658148,1.6469920691562934,1.587587016713092,1.9933443490566036,1.3382314860724234,1.5293642331536388,1.7075349153225805,1.2774705084985836,1.5398352547169811,1.762655275466284,1.2360952211668927,1.2156195081300813,1.8520361091703057,1.3293659322493225,1.4721485410292072,1.3041632169811321,1.2791646643356644,2.1654261646423754,2.0168692909336943,1.2834758161993771,8.553746444444444,3.453298979166667,1.5638394593495935,1.4706925818673886,1.047010216741405,1.6515721036339166,1.6010384352773825,2.0859875495251017,1.5954768229461758,1.8228260954301074,2.299134101078167,2.4625382352941174,6.16981383601757,6.527299079276773,4.892188501373626,6.19295231359354,4.695112995515695,5.2111753059299195,4.028360068150209,4.564572256720431,3.0142024118705035,4.360305336099585,6.493407163978495,5.259631285507246,5.398444100135318,10.741576908963586,6.08874482884097,5.949599416442049,5.408066,5.84829399730821,5.132047263966481,6.388953480484523,3.8697315048814507,3.3007868734858685,3.3896984959459457,3.23562412342216,6.2105263157894735,6.455944055944056,5.57085020242915,5.9110512129380055,5.453757225433526,4.798648648648649,4.7025139664804465,4.2543741588156125,3.672883787661406,2.4120689655172414,,,,,,,,,,,,,,,,,,,,,,,3.419795221843003,5.438005390835579,7.1438263229308,5.685314685314685,4.829499323410014,6.0654596100278555,5.968345323741008,4.352226720647773,4.702702702702703,7.212365591397849,3.9831223628691985,5.496626180836707,3.176388888888889,4.024456521739131,5.3429438543247345,3.6585714285714284,3.4905913978494625,3.2875175315568024,3.929919137466307,0.0
E223756,2.610368349249659,2.985432473444613,2.410670314637483,3.725423728813559,3.688203017832647,5.502384291725105,6.887045123726346,8.472262773722628,3.4227722772277227,2.6477241379310343,2.160428571428571,2.9194557823129252,2.26421768707483,2.6802752293577985,2.762721088435374,2.810644257703081,3.2091530054644806,3.170949720670391,6.600135501355013,7.686065573770492,2.362865090403338,4.115343203230148,3.8344146685472493,2.0160291438979963,2.00530612244898,2.4713213213213217,2.0211021505376343,2.59346314325452,3.3899193548387094,3.549022346368715,3.9545945945945946,6.550840336134454,5.166766917293233,3.301484480431849,3.155754475703325,3.710541310541311,2.3656121045392022,2.49985549132948,1.7799731182795697,3.0276150627615066,3.762972972972973,2.7446629213483145,7.3429160935350755,6.226895565092991,6.452535211267606,3.2740384615384617,3.4912378303198883,2.3966472303206996,4.566481994459834,5.229464285714285,4.376621621621621,4.114066852367688,4.785195154777927,3.5172610556348074,7.137536656891496,5.13739837398374,4.829166666666667,6.380458221024259,5.719498607242341,5.450404312668463,4.159913169319826,3.380650406504065,3.9869565217391303,4.086527777777778,4.50349932705249,5.225507246376812,5.659863945578231,8.263172043010753,4.449732620320856,4.732791327913279,9.285280728376328,6.013019390581717,6.5483907265625,5.558203111450382,5.84730612972973,5.062394680111265,6.554081681586827,5.8430981327476035,7.972233743206522,8.990932628032345,3.811109299500832,6.221592566801619,7.480699544642857,4.829595529581529,3.9226350729729726,3.4747686507936506,3.1548804031578945,5.996548823365786,5.208391033093525,4.078451154381085,4.327103451351351,5.50184928129206,4.614897289466293,4.316969742098093,4.357086289915967,4.860528436237898,4.308842698252688,4.320488263690477,3.026097875749319,3.6603441658465994,5.636185469668247,5.055399508798883,6.475976097981157,30.105411313561643,11.866899671368715,4.5532415660810805,5.685344026740947,4.6734263936657685,4.822604946831956,4.229815473841555,3.8787877692722375,3.5615398415041786,6.65500784064603,4.475942541209564,7.558023403547066,38.62770697428958,5.335665888038943,6.394292017069892,5.98717275497159,4.212582397402597,4.235060873378378,4.325804207993967,5.038977471311475,4.450125527181688,6.2152863543010755,4.2391550986111115,4.199260618579236,5.65239012701613,4.068005592450143,5.163692304191617,6.07922047779661,4.212966470889488,1.884111
E225267,4.729768786127168,6.740458015267175,4.021592442645074,3.827972027972028,3.109722222222222,3.984263233190272,4.847082405698779,3.704648233378562,3.1871978360655735,5.392959058646617,4.973377313432836,7.912508819074334,7.394149899860918,6.384958033898305,5.3175452812983,3.9818873517964075,3.2051278689655174,2.269833469387755,4.0565219228687415,12.175128566481995,2.7401883613933236,4.47831496627566,6.681137893016345,5.898179439606741,5.365883163388805,4.779853724590164,6.089149284353741,4.083447989810772,3.65828013884993,3.0653874562682213,1.4629650554016622,2.355740381344307,3.1549741828298887,4.322669063100137,5.403279995774648,7.873810501538462,4.152449967836257,7.459998234513273,4.703657891242938,4.4992259328467155,2.8280643277074544,2.0028178313782994,5.656488814223512,4.340948368584759,5.185733155009452,13.76833419745223,7.397684699515347,5.78681979303675,7.157539030567686,6.4528754625360225,9.544910255832038,4.606175535687453,4.368476168797954,3.253932757152826,2.7985073427609426,3.876917525806452,4.890950248611111,9.30049432629356,8.708091123076922,6.5075064926413635,9.447270344594594,9.652417653344209,5.251278937753721,4.653492894444445,3.691065275537634,2.7316053902777777,4.507686112903226,9.460208732526882,6.956745942817294,6.653261927419355,14.27162145,10.81618808882907,7.533285314516129,9.188593616989568,9.09677701221167,5.361619381615599,7.195868432795699,4.465500055632823,4.2787729193548385,3.5865620510752687,4.316166091794159,9.690932885654886,12.265035647222224,9.23551978360215,9.883675939353099,8.321028916666666,7.4613090376344084,5.132469859722222,4.675126392473118,4.223386182197497,4.193478262096774,4.625355049798116,4.333286573816156,11.688139793010754,9.336155912378304,9.152783139107612,10.646069432795699,8.88120046935725,6.167140958333333,5.617030156944444,3.6210313165075037,4.2791802333804805,3.4383238585858584,8.183354931359354,6.19916557062937,8.586960162121212,11.032023980701753,11.763246057507988,11.363200373819165,12.107190428278688,,8.465935414868106,5.45403908467742,5.344663119777159,9.223335943243242,64.3329068945946,16.431714295264626,11.34409846971736,14.940264257746477,12.945994509510868,10.2453035,12.421121795522389,14.323574341397851,7.616357768802228,7.181197435135135,2.868449323446328,5.970178698087432,6.453683419485792,4.259076053977273,9.8549009375,10.385175439499305,12.417466345811052,
E227431,2.740189445196211,3.873684210526316,2.551630434782609,3.7664359861591694,2.7836021505376345,5.743697478991597,6.81980007093185,9.11778237878788,4.001284863052782,5.129634403278689,5.172880749822821,6.743871657823129,6.096438963488844,6.653836018853695,5.75888841249142,3.8406245376955903,3.1307246792018417,3.1657884071174376,5.937908421090909,11.439183957072483,3.384901381156317,6.29080449386921,6.286657326164875,6.916981131271477,6.022837313604919,4.821326252187749,4.2658354548335975,4.105151248942172,3.7794318421444526,3.007785992640294,3.378947037288136,4.349407865229111,4.378031057182706,4.9911063430656935,5.7971642285485165,8.655118539563437,4.723500638832315,4.678612777454545,3.9052747754677757,3.1077280325670498,3.7799672436459244,2.1258047040636043,5.6895313488843815,4.396970857539958,4.02361285136251,4.725081773170731,5.999389120437956,4.497918947909527,6.550626772761475,4.772439238691049,5.9867490781592405,3.464791692145863,2.2388485045731708,1.9517999789621319,3.2633020375170534,2.9106604205092914,3.287357419303797,5.440555623955432,4.929825525017618,6.663925507109005,5.554945311352822,2.6608771569069067,5.040552328368315,3.252394588318086,2.7872930760233916,2.3031532609929077,3.4571620851800553,6.037535911065852,3.3603991082437275,3.7349197457865166,7.6668366746987955,6.250332025815217,7.489305290847457,6.144263139970059,5.489934544902093,3.6066155679271708,4.442683013554217,3.6768501983181503,24.136252281249998,4.9870749131025125,3.4672814043447797,5.338793685521885,5.866863513212795,6.613979379671151,5.560502286021506,9.356421356421356,6.051490514905149,5.171830985915493,4.6828885400313975,3.738970588235294,3.804924242424242,4.316091954022989,4.550287356321839,6.583901773533424,7.820869565217391,10.909810126582279,10.134770889487871,6.291350531107739,5.862068965517241,5.297906602254429,4.120967741935484,3.5463917525773194,6.530434782608696,39.53333333333333,26.91566265060241,9.6544,12.504950495049505,9.809327846364884,8.56060606060606,5.796686746987952,5.7550744248985115,4.033755274261603,4.556603773584905,2.7245762711864407,4.887029288702929,38.79391891891892,2.2095709570957096,6.678812415654521,7.606488011283498,7.219973009446694,6.618918918918919,4.257318952234207,5.755434782608695,2.5229885057471266,4.144,3.4504065040650405,3.1833105335157317,4.559228650137741,2.9292786421499293,6.522267206477733,7.2144846796657385,7.10391363022942,64.0
E229797,3.4972527472527473,3.935820895522388,2.4823848238482387,3.9928057553956835,3.223314606741573,5.443342776203966,5.65525305691057,4.726924834239131,3.2727203725490197,3.543420485094851,2.792675367052023,3.732551427027027,3.0562261490514904,3.803880618618619,2.722980308108108,2.9350956350974933,2.311760329715061,2.655450195744681,2.916141283783784,7.800529327891156,2.4879748767507004,4.7261052261580385,3.088367606397775,2.343860211956522,3.0083132210095496,3.0727556358208954,2.593653595399188,2.599564990277778,3.1069585202156333,3.051387948863636,3.2361979878706197,3.779533297002725,3.5148667144866383,4.300459845188285,3.4199956195804195,3.2244282094594596,2.4497290583446403,3.426444248920863,2.7192827023319617,2.8870964846368716,3.0733072136054425,2.6960268639551193,4.590538928275862,3.810868880171184,3.619717110047847,4.322914023854962,5.363812564296521,2.8641888140960163,4.12751186081081,3.9936669018338726,5.091718416320885,3.805100468421053,3.9190319524152852,2.971028909350464,4.765889392857143,3.528717123076923,3.5594654235382306,5.91092231379822,7.591766925614035,7.644041025938567,6.766171932330827,5.316054278413425,5.20682902779661,2.004437605263158,2.1256134697640117,3.7441403009950247,4.640326975476839,4.695592286501378,2.947136563876652,3.6041095890410957,7.749652294853964,5.051420838971583,6.069387755102041,4.7092307692307696,2.0597243491577335,2.2119487908961593,3.8743167698675496,2.2831266253644316,8.401351351351352,2.2202898550724637,2.391053391053391,6.415492957746479,6.036465638148668,3.0338753387533877,4.880053908355795,4.381844380403458,2.0686274509803924,4.494413407821229,3.3736559139784945,2.7844961240310075,2.0474898236092267,2.8343023255813953,3.1320224719101124,4.093622795115333,5.677760968229955,4.570652173913044,6.7472972972972975,3.7882882882882885,2.3951612903225805,3.6089385474860336,4.143051771117166,2.9972027972027973,3.552054794520548,15.582210242587601,8.25208913649025,6.445945945945946,5.642361111111111,6.8544474393531,4.58154859967051,3.191842900302115,3.595945945945946,2.307042253521127,3.723809523809524,2.6415362731152205,4.021592442645074,22.044594594594596,2.948936170212766,5.889189189189189,6.283727399165508,2.889655172413793,4.610884353741497,3.3097744360902257,3.9006802721088434,2.058988764044944,3.976995940460081,3.074766355140187,3.2639455782312927,4.66530612244898,3.427947598253275,4.406207827260459,7.0194986072423395,3.7550744248985115,1.0
E230557,,,,,,1.082855,,,,,,8.637787539325842,8.530420766937668,9.463915508270677,4.457945514603616,3.6672192801857584,2.8552450239436618,2.3107911133540373,2.8110128784153003,7.0115046212534065,2.514039761976048,4.579842327927928,7.6608803449720675,9.729796161129569,7.206322103305785,7.800514348159509,4.85577645602165,3.6948263549295777,3.658780906630582,2.1758569664335665,1.392855744248985,2.041507746955345,2.615389576437588,6.008632178619757,6.763849273239436,7.23388498219178,6.973122351648351,9.45870417569546,5.001171214965987,3.723008090782123,2.5175484202702703,2.0748930617110797,5.561840863173217,4.539941459349593,4.770393050666667,10.061998294436906,11.549172449965011,13.99630328368314,19.48079947108014,13.013595485849057,10.462657390175439,5.403591197054698,4.262224616494845,4.020371074594594,3.472562134952766,3.595690824048913,4.976506585535466,7.890846591032609,8.161966586402265,10.528460481245013,13.271863869682646,14.222822945112782,6.85469969280914,4.053920700557104,3.7450122769541783,3.0028771203281677,2.8857412848392037,5.548323360733695,4.115771878425861,7.727716779810298,13.758950542134832,14.95212489946019,11.813123143918919,13.613360725431358,8.289452354729729,4.5928111573033705,2.9571774403409092,,,,,,,,,,,,,,,,,,,,,,,,,,,,,,,,,,,,,,,,,,,,,,,,,,,,,,,,
E231866,4.44640434192673,6.317365269461078,3.6974219810040707,4.984507042253521,4.451907356948229,6.009776536312849,8.086262113360323,7.877862194464676,6.624642301475755,6.723319965587044,4.802330008528784,9.132407182432432,5.172928265292096,6.654347849028401,6.036711270676692,5.921535061324042,5.127176078325456,5.113114758765779,8.418487877655677,7.836373339878131,6.1053670041840995,10.871908150831354,8.512234910277325,6.4838274932614555,8.97683923705722,9.467862481315397,4.854251012145749,4.839388145315487,5.8326585695006745,4.807531380753138,2.7087087087087087,7.039242219215156,9.740157480314961,9.957937584803256,10.83659217877095,13.104979811574697,6.892183288409703,6.112561174551387,4.537212449255751,5.255514705882353,5.738544474393531,4.3484375,4.235704323570432,5.796495956873315,7.876044568245125,7.098765432098766,9.465181058495821,4.723577235772358,8.892370572207085,5.794029850746269,6.913396481732071,4.152447552447552,4.382432432432433,3.549929676511955,5.75033738191633,5.212737127371274,5.054317548746518,10.489905787348587,11.45874125874126,12.495945945945946,10.168010752688172,5.240657698056801,4.902964959568733,3.866481223922114,4.796495956873315,4.444134078212291,5.557354925775979,6.277628032345014,5.463788300835654,6.351278600269179,9.92361111111111,8.724696356275304,9.129824561403508,7.013513513513513,6.712550607287449,4.052851182197497,4.688679245283019,4.917251051893408,7.350473612990528,4.873452544704264,3.386331938633194,7.036486486486487,9.874301675977653,5.1455525606469,4.863513513513514,4.77521613832853,3.489159891598916,4.4319444444444445,4.331529093369418,1.9358437935843793,1.6841397849462365,3.255813953488372,3.5118549511854953,3.965893587994543,4.709677419354839,6.42972972972973,8.575675675675676,4.427927927927928,2.5816186556927296,3.134265734265734,4.579945799457994,2.6857962697274034,4.242703533026114,13.513477088948788,10.691771269177126,9.498603351955307,8.893055555555556,12.291891891891892,6.827956989247312,7.6626865671641795,7.690026954177897,6.20891364902507,6.772543741588156,5.411188811188811,7.913746630727763,22.545822102425877,7.256944444444445,10.92442645074224,10.53342618384401,8.108108108108109,9.704301075268818,8.924107142857142,10.071621621621622,5.218096723868955,5.894736842105263,4.0584958217270195,3.396761133603239,5.5889487870619945,4.403631284916201,7.859649122807017,9.04317548746518,6.818673883626523,2.0
E232244,4.874184782608696,4.54910447761194,2.7140730717185386,4.076190476190476,3.6450742240215925,6.864689265536723,8.225414364640883,7.761430575035063,4.295332390381896,3.964857530529172,2.311048951048951,5.261994609164421,2.565633423180593,2.644047619047619,2.8235374149659864,3.1603085553997197,3.9824929971988796,3.7985974754558205,6.546704067321178,8.081266846361187,3.306825938566553,4.549865229110512,3.056840620592384,2.4130790190735696,3.368470906630582,3.108233532934132,2.140921409214092,3.3244444444444445,3.987079407806191,3.9594972067039107,3.7724462365591394,5.407816711590296,5.290395480225989,4.686802721088435,3.8611197511664073,4.482970027247957,2.9881542699724517,2.797080291970803,2.4052845528455284,3.709052924791086,4.324123989218329,3.3832865168539326,6.309568733153639,6.249593495934959,7.195961002785515,4.145652173913043,3.301117318435754,1.965072463768116,6.305913978494624,4.348809523809524,4.901761517615176,4.873779637377964,5.56008064516129,4.569477911646586,,3.548091603053435,6.220972222222223,8.802291105121293,7.984100418410042,6.594743935309974,7.504710632570659,5.09237668161435,4.9750000000000005,4.593324061196106,5.846565934065934,5.127810650887574,6.446027397260274,8.223374827109266,6.033089311859444,4.289389534883721,7.247983310152991,5.459623149394347,6.25209301488498,4.885439109399075,5.673773621702128,5.055228828929068,6.525023083076923,5.506046924087591,8.403855202956988,5.051111098092643,3.3109552975,6.416577978571429,7.965061077125193,3.426580878787879,4.88740831819407,3.505542496755162,2.6315364567901236,5.991907828783383,4.476041070928668,3.2292768840782125,2.935965407692308,4.595460766666666,3.1911349474789916,2.5286250919246296,2.5244713086455333,5.849104581276005,6.454796793539704,5.572371652023988,2.87775403454039,2.210691601692525,4.664222526695527,4.192186771408647,4.2906004129905275,16.8393011537112,7.3025327431564255,5.307678586027397,4.865273244923505,7.855728084791386,3.535954744971264,4.5023462103833864,4.509396134517046,4.187805779861111,6.562869080431849,4.688525484195805,6.770388176312247,22.234124891364903,4.727025873333333,8.17071323045822,6.63508566913229,4.816162491736695,5.821549282384824,5.327087305279504,5.877105607407407,4.304217967503487,6.283353104845222,4.769310772284122,4.674320403551913,5.7562432525697504,3.41420462270195,5.050107571794872,7.622767247838215,3.234691720754717,0.2279722
E232246,3.786891891891892,5.763731343283582,2.690909090909091,4.59187675070028,3.7627027027027027,6.088440111420613,6.551017639077341,5.880458221024259,4.459583333333334,4.488767123287672,3.295258019525802,5.257335127860027,3.5383468834688347,4.149553571428571,2.8747638326585694,3.2936350777934935,3.4301480484522204,3.1759388038942977,5.431343283582089,7.647913862718707,3.713472222222222,5.306377204884668,3.765223463687151,2.5617728531855954,4.027260273972603,3.2153731343283587,2.660651289009498,3.2579972183588315,3.730241935483871,3.25768156424581,4.1607526881720425,5.152781546811397,5.52625,5.786486486486487,4.554469273743017,5.5766937669376695,3.676016260162602,3.8601438848920866,2.675067385444744,3.797896213183731,4.028378378378378,3.253888888888889,5.21388140161725,5.6926630434782615,6.143059936908517,4.565217391304348,4.63008356545961,2.717774762550882,13.459375,5.6582995951417,6.275537634408602,5.2305013927576605,5.64452347083926,4.713769123783032,5.991988950276243,4.766756393001345,5.098467966573816,7.430150068212824,9.672128851540617,8.331854838709678,8.87654986522911,6.077710843373493,5.274736842105263,4.955632823365786,5.431743869209809,4.817916666666667,5.8325779036827194,6.834322033898305,6.588734353268428,5.238223418573352,8.958840169731259,7.972517006802721,7.630001318977119,6.467140478390462,5.635426846049046,5.068328642061282,6.1787682201086955,4.5924782091787435,7.501734980296896,4.748918664168937,4.075457236094675,6.892447461538461,8.249545273398327,4.5748175376344085,6.934796281561238,5.133970322877698,4.095807897981158,5.640894389305556,4.800254150336474,3.593700391608392,3.5897970639784944,4.936257621052632,4.4480875708913645,4.3756364634042555,4.368237751743375,7.567000784770889,7.741788623315364,6.366540121396055,3.6693374189701893,3.81617974735376,5.051298765405406,4.087638310739191,3.6827527817320704,11.372662766218035,7.245858171309192,6.644598504723347,5.726168250347706,8.717519556368565,5.357236355284553,5.016627571684054,5.924569737331536,4.807480143994414,5.090096842702703,4.592439980539773,6.708670763950276,21.086559818830242,5.23723687896936,7.90326100931174,7.1579085064156205,4.948246232520325,6.841222478272605,6.201504849101797,6.702487108241758,4.151706100972222,5.061580570563962,3.1468461704481796,3.19456352574124,4.8673356917827295,3.351977752573018,5.60333325128901,8.298164936324786,5.231707972334682,6.818333
E234670,,,,,,,,,,,,,,,,,,2.8552701498470947,4.7212912267206475,6.782570221458046,3.0764273553370782,5.658434845628416,3.9121630813464234,3.295986150537634,4.665481032476319,3.730680230075188,2.0147838409703507,2.6294775835654596,3.020602919288646,2.8891567719546742,3.3020542801635995,4.2103915333333335,3.5727292070422534,5.508653417004049,4.7211813892806775,5.347291839838492,3.3387658401639344,4.461467388405797,2.6596523668478262,3.3851402801120445,3.4835351792452833,2.2260216241033,4.990099737550471,4.246798879076087,4.677356935664336,4.776571221024259,5.84795129567643,3.211454493150685,6.238274922868741,3.8679642396313363,3.9843355668016196,2.448100160283688,3.0549475040431266,2.6348574367176636,4.030815331972789,3.1076757119565217,3.5452026638655463,7.000150134952767,6.1938989766536965,9.504135145762712,11.041376505766063,7.959428506289308,5.077539425787107,3.179139339464883,2.656207533145275,2.6271988229954615,3.9118135104166663,3.9592976830985918,4.030271080575539,6.176715381793478,12.059436034267913,10.400705855782313,12.1676640393586,7.448070709443099,5.6165435431318675,2.6077389094717667,3.534989484069401,2.1401851857589986,5.195118114779874,4.716311682515338,5.705136688654353,9.051728942345925,15.413287255520505,12.997923504814306,10.180239157575757,6.220609579100145,3.778231292517007,3.811797752808989,2.381606493188011,1.1077389984825494,1.8595419847328245,3.058659217877095,3.1687943262411347,4.4372355430183354,4.151651651651652,8.469421487603306,10.955585464333781,6.881736526946108,3.3070044709388973,4.6293929712460065,4.44566712517194,3.2823871906841338,2.8278805120910384,15.831763122476447,8.081277213352685,9.005383580080753,9.443671766342142,14.255351681957187,8.754054054054054,6.993984962406015,7.469635627530365,5.673211781206171,5.062078272604588,2.6850393700787403,6.063172043010753,22.953867028493896,4.913312693498452,9.972972972972974,11.361731843575418,9.307053941908714,11.303234501347708,10.211394302848575,9.783018867924529,5.186513629842181,5.8652291105121295,3.5728291316526612,2.453804347826087,4.134589502018843,3.046875,8.866396761133604,11.88038942976356,9.828146143437078,6.0
E238212,,,,,,,,,,,,,,,,,4.439338842975207,3.647075208913649,6.6369207772795225,7.5310719131614645,2.912083333333333,5.7375,4.102549575070822,1.9715249662618084,2.691644204851752,2.9781626506024095,2.240296495956873,2.9830319888734356,3.723712737127371,3.7331944444444445,3.394489247311828,5.564713896457766,4.903198887343533,4.377628032345013,4.002849002849003,4.822146739130434,2.792847503373819,2.585942028985507,2.3929729729729727,3.919386331938633,4.826315789473685,3.3515363128491615,5.7320652173913045,6.257851239669421,6.558000000000001,4.752588555858311,3.842479108635098,2.4504774897680766,7.6282225237449115,6.625446428571429,7.730945945945946,6.121696801112656,7.97244623655914,6.522281639928699,8.986864406779661,7.766576819407009,8.44965034965035,11.926051560379918,8.986072423398328,8.276113360323887,7.828222523744912,3.8976190476190475,5.057142857142857,5.335864978902954,6.139891451831751,5.735833333333334,6.659679767103348,8.616457461645746,5.856467315716273,5.181456043956044,7.437392550143267,5.460540540540541,6.019073223287672,5.426370637313433,7.2452590541666675,5.606086293871866,7.034264598290599,6.012634812874252,9.031789731942215,7.1510379638386645,5.06930704735376,7.801187395693136,8.092039362622037,4.398643807277628,4.846276363391656,3.9362604956772334,4.067583633064516,6.7341481363004165,5.685406974462365,4.515408368926553,4.076867748201439,5.267597331536388,5.075577622857143,5.248732475810811,4.392908014005602,5.679367545839874,4.992949914709851,5.462352596125187,2.9124203365229113,3.6686456635983267,6.495531439648174,5.804837506401138,5.277823974889217,17.321220235897435,9.493472274475524,6.665295169946092,5.696623120752089,6.722548144354839,4.338150387886945,4.410213944693573,5.885245983018868,4.97622807125,6.293965152845528,4.021275362552594,5.957240874123989,22.604636053585924,4.92697840611961,8.75996907115903,6.315216865538463,4.069544115289256,5.526639060405405,5.108530554925373,7.5482502386920975,4.18656092986627,6.527945779324324,3.9567974816411686,3.8118295233468285,5.531512930904184,3.2800293193593317,6.365368771177266,8.635508672284123,4.547063009433962,0.5116667
E240337,,,,,,,,,,,,,,,,,,,,,,,,,3.373877096969697,7.528612023880597,6.294198183041723,5.909593653685675,5.665108774924471,5.229117498603352,4.957425754147813,6.593907197846568,9.20656809623431,11.944245674731182,11.404959294890512,15.17665604435484,10.444298663513514,9.456159278499278,6.428444591093118,5.49042845,5.837078651685394,6.73394495412844,8.215492957746479,6.866935483870968,8.336122733612273,8.068825910931174,10.525069637883009,7.875536480686695,12.638297872340425,8.71875,7.591346153846154,5.76643598615917,6.705329153605016,3.4983388704318936,5.330578512396694,5.140866873065016,6.727430555555555,10.516172506738544,9.893408134642357,10.869565217391305,9.986559139784946,5.964451313755796,4.561238223418574,3.900976290097629,3.869918699186992,3.0715287517531555,3.66260162601626,4.628378378378378,3.98465829846583,4.9471544715447155,9.410041841004183,6.870572207084469,9.046070460704607,7.144578313253012,6.428378378378379,3.4507042253521125,4.063858695652174,4.075079872204473,7.561569688768606,5.436141304347826,4.566248256624825,7.778082191780822,10.86230876216968,6.808943089430894,7.935222672064778,5.7298937784522,4.390773405698779,3.979108635097493,3.3594594594594596,1.5321637426900585,1.6100443131462334,2.73943661971831,4.645251396648045,5.500685871056241,3.7776203966005664,7.971544715447155,9.926829268292684,5.6850746268656716,4.276422764227642,3.753481894150418,4.130434782608695,4.039106145251397,2.6883468834688347,12.183673469387756,6.750696378830083,6.627530364372469,7.201117318435754,10.349184782608695,5.671159029649596,5.587947882736156,4.907624633431085,4.183844011142061,4.314516129032258,2.9157303370786516,6.291739894551846,23.341397849462364,5.680672268907563,9.641129032258064,10.142857142857142,8.522222222222222,8.184324324324324,6.923241590214068,7.275471698113207,4.427528089887641,5.405683355886333,2.969951534733441,2.0757575757575757,4.183955739972338,3.4985549132947975,6.938692098092643,,2.032258064516129,
E249492,5.284741144414169,6.871064467766117,4.514208389715832,4.825105782792666,3.233009708737864,4.53921568627451,8.326656637720488,16.854577082099595,5.367917538011696,4.794119613207547,5.731320983240223,5.848188392370572,6.93149653638814,6.845618081967213,4.436317731081081,4.32590276511955,2.7423978152173913,2.670707172461752,5.399897490540541,9.115051152909338,3.4300267015341706,6.573441780323449,8.541679884078212,7.497018010840108,6.619863798376183,5.755429431343283,4.889855029649596,3.6847454279661016,3.4668115793010754,3.092959194729136,2.961025107962213,3.928501665311653,5.2217074425770305,5.616745083783784,7.453931068245126,6.150707082099596,4.192696409703504,6.05732650433526,4.247389546478873,6.175045213483146,6.679387902097902,5.499353533707866,9.179488614555256,8.23332236891892,9.276085834261838,8.63161174980016,10.579189915384616,8.365745185608608,9.893861534946236,9.711881287958116,7.970837635752688,5.6213132883947186,5.697482612903227,4.886598566759388,6.451782513495277,7.501734679972936,6.966119225282486,10.014276316037735,13.208430442280946,9.78447979219906,8.35151537298387,7.862220458176337,7.743167353494624,6.33404605751634,4.976084680084746,3.4478726201074448,7.9450455998636675,9.194252243537415,4.8223834890566035,6.9122965468644635,10.94115900837404,8.373335430303031,6.235591659244265,7.475506667647059,9.475732807277629,5.196682477777777,6.053852452091768,5.869844666666666,8.764683673387097,22.384704295698924,6.3666844643377,10.000302717741935,11.611636726388888,8.099224766129034,10.259645339165546,9.19127558561151,5.826303627875507,6.924951727777778,4.702235356182795,3.6864938888888887,3.505755612903226,5.277189904761904,4.701828598052852,8.432881215343203,10.30164612539185,8.532577709677419,10.547431525373135,9.605867177083335,6.870852923076923,4.832522275766017,5.389564601823708,4.388682688888889,17.556648539106146,31.42077408344549,14.746841523743019,8.92571918951613,12.25586366759388,8.767482622222222,10.952151860795455,8.923771473134329,9.541513375000001,6.532173451388889,6.770284094086021,5.1205895668523675,7.69861864064603,63.07060967876345,7.971653387186629,12.27508731048387,16.28116859861111,9.332226488559892,10.899815583561644,10.35212621609538,11.289973271505376,6.775226377437326,6.253294395693136,3.9343530827285926,3.6213234615384615,6.152680925311203,4.245250790794979,9.336849083455345,14.061555961318051,8.79916660834455,7.370611
E263701,,,,,,,,8.841404268125855,3.7569407022471912,4.646905172506739,5.286036245786517,8.590435405660378,8.839775902306648,6.449894305059523,4.453184351351352,3.6964739775910362,3.0580025222072678,3.6326390705218614,7.046778013927576,10.13836711564626,3.1397771196105704,6.753396487771739,8.406982994413408,8.01616825271739,8.932883900269543,7.082882635135135,4.7219673706199465,3.382772781512605,3.5944062769440657,3.2668981460361612,3.2746627129380053,3.9134586137281295,5.046628943820225,6.473848697974217,9.615781937150839,10.724830214382632,9.985074426051561,9.241678523878436,3.7830244259259262,4.085355354253836,3.7449389298245612,2.3399150733427363,5.1672061646423755,5.879806066390041,7.414066604456824,6.5696474295392955,7.625977378491621,5.932428537313434,10.320540344594594,7.242899597907324,4.842285410000001,3.377368833097596,4.044550079019074,3.0129626435185184,4.285049631229236,5.476151493224932,4.348951814371257,6.797553972826087,11.523676483286907,11.547766844384304,8.266029590723056,7.068881773413898,4.922236657681941,3.4733978913649026,3.3694287866847823,2.819859588811189,6.439645374659401,10.31339744198895,4.745156259259259,4.61481234097035,9.46252674012158,9.445089953964194,6.976590166892809,7.254210928251122,4.184686116373478,2.9492638051209106,3.45698412027027,3.527019188277087,3.711493588582677,43.49631683333333,7.115928066951566,5.583561932523616,7.828535291158537,4.53131512732475,5.9553793328822735,6.203515494890511,3.0352705462068963,3.9067502394366196,2.578921698778833,2.684039207246377,2.232343596368715,3.4183077557354924,2.6578569040114615,4.3317060955585465,5.847203470752088,6.061184681693989,7.817409354188759,10.380858827948911,5.977229184636118,4.036347073580939,3.843986717397168,4.1399200181691125,9.859466056309362,26.12620997633136,17.886974905572757,12.824010336426916,13.81678722361111,11.137814078167118,15.78858807412399,13.219110778273809,10.511058811827958,7.37786106545961,7.321009149456522,7.195917994389902,9.616568117408907,67.0755050606469,8.994237268055556,10.028896447937132,15.970767441666668,10.289590689516128,13.070669613207546,10.890495611940299,11.686853090053763,5.624363903899721,5.694960211021505,4.769344278940028,4.797562175202156,6.991552402422611,4.821438583216783,10.414161212651413,15.637854988888888,13.139958688125894,18.3323
E269223,,,,,,,,,4.683805975852272,10.543486821782178,12.506839915851272,23.84977572702703,17.043541172073343,11.732469787692308,10.254917908319184,5.608420029453015,6.531527239694657,4.800429690705128,6.027404689133425,21.864443590070923,5.658970620592384,7.452109010810811,15.694540531380753,18.95459569517241,16.128160818978102,15.490211796686747,13.387663945454547,9.0185475971831,6.8463035795918366,6.882782080944351,4.17610104532967,4.886593823038397,5.5363801204111605,8.793805745614035,11.29720853858785,16.198097853061224,12.408448070521862,15.492582580786026,7.949625919508868,7.796266840455841,5.68663778630137,4.392388496382055,10.437963363636364,7.91826098892405,10.212444068181817,11.520585257443082,16.8125384643377,20.004673550344826,25.97034499137931,12.846836972125436,17.60378539130435,8.7004356002886,7.805701207520892,6.869891866084425,6.4521853366477275,8.128506950071326,7.595391136363636,13.669529048582996,19.11484596235294,13.60730920781032,16.96863788394062,24.598013850079745,8.434784212553495,5.861499064275037,6.5582902316076295,6.330900090775987,8.412438858843538,15.718756870422535,7.625930102222223,6.045560959440559,17.25258467226891,14.862696606944446,11.366184646892656,13.269180319340329,9.694915664756447,5.8255259248895435,10.688870623333333,4.764368744022504,5.096417502702702,3.61826900947226,5.575514360448808,10.356054253028264,15.557930402384502,11.366766677197802,12.095997285329744,11.788223063218393,7.990819342318059,5.211171365107914,4.503442385245902,3.8755532542662117,5.35794186431479,5.5090345303951365,8.534207358870967,9.453782456989247,10.422803647569445,15.767973096153847,20.63089545879121,9.991996130952382,6.199582856353591,4.68907250631136,5.267962489905787,4.0833846682389945,9.157188481830417,12.14594186216216,7.292770756211181,9.523935175257733,14.04549606536857,17.338422943548387,14.302416702156334,16.58295904761905,12.154951447154472,7.233747943972836,5.3549431055900625,5.0673584506258695,4.663227521193092,112.42871567989056,14.260700511111112,12.730037442307692,15.746290491643455,13.604556307448494,11.673757746971734,17.02510890769231,16.61684765902965,5.561469841134752,3.2912404661654135,6.214814814814815,5.236467236467236,6.146540027137042,6.234442836468886,11.72461752433936,12.53648068669528,15.495225102319235,3.0
E271963,,,,,2.7136525334015156,8.833425456056338,4.965935364153627,5.086417996521739,2.7245260961002784,2.5416693157894734,1.7619961134453783,2.5080688016194332,1.7471149207650274,2.174479650224215,1.956463305732484,2.0580970683229816,2.232538601973684,1.9784301587743733,2.1613488186813186,6.80690774301676,1.7589689771754635,2.587781124137931,1.6507556666666667,1.3580590478142078,1.1022181938088829,1.1525638373134328,1.4854193116531165,2.465329418636996,3.2845029500000003,1.56035698630137,2.130231569500675,3.1325405189701896,2.349942215686274,2.8979629784366576,2.595623519148936,2.0263506122448978,1.763793749663526,1.5222219077598829,1.4846209353507567,2.04720715,1.891353685185185,,,2.067732088435374,2.67387581424581,2.175107108033241,0.8399209217877095,0.9696532578444749,1.016875,1.2243432908545728,2.0408999878378378,1.8530595927475593,3.947738240687679,,,2.09507638317757,2.9205270014005604,3.3388412654986523,3.6635093403361343,2.2707633410013535,2.3276616648199444,1.7290206332335332,1.5961276945945944,2.128599746518106,2.2251149077809798,2.0619735867346938,,2.9145536312056737,3.1219229711538463,2.0773058398791537,4.0927457929078015,1.9786522362204724,,1.8228501670644393,2.064414835408022,1.8094140348330914,2.776475873641304,2.2242934209770113,8.303923619883042,2.393127743732591,1.1516526704035877,2.453143418338109,2.7202703143669984,1.1596301109530582,1.265489757746479,1.1940855051395007,1.2591418347338936,2.7525714482269503,1.8023828693820225,1.4088541671511627,1.2093840530612245,2.1275440167597766,1.6649385036179452,1.5084183842975205,1.2553939631410256,1.7930744661016949,1.6543786666666669,1.5505295383435582,1.082427302832244,1.724492584158416,2.1844856803278687,1.819341402017291,2.199903143053645,14.070998612903226,4.9665583,2.937055794871795,2.582081712842713,2.3561477028885833,1.2106901042553193,1.6912545492957747,1.8310193375,2.02479809490085,4.1746353125,2.7380777427745664,4.486628519094767,16.677441620879122,3.354228850144092,3.2054273067047077,3.8029779218523876,2.5019138149350653,3.1121669324522765,3.0530362046130954,2.771857170111288,1.4373110924369747,3.5690365168539326,2.3169091503865076,3.215943233721727,4.880003844378257,3.050803017507003,4.414131171486214,5.934739737647878,2.6063062884097032,0.9122665
E273483,,,,,,,,,,,,,,,,,2.88720512,3.5103759053932584,4.782846604651163,7.702282401351351,5.5409245049226445,9.233661884253028,12.680189375186846,11.989305424076607,14.342905857142858,13.380956466772153,8.783594404054055,5.14336489747191,4.0034511041666665,3.917625485915493,3.319801909589041,4.860978558423913,4.840824741935484,11.16898240166205,12.774250077903682,10.215759574614065,11.182998936551725,10.386126315866084,7.0263243956639565,4.807260018413598,3.709707048611111,2.0551319069069067,3.8722951915887847,3.812063426997245,3.4689669440789475,6.843820764625851,7.946128073136428,8.731672452091768,11.70927586627907,7.573458654654655,6.734379737837838,2.530586738330976,3.0860564618249535,2.825618417597765,4.2141400013513515,2.957981981081081,4.730163456338028,12.408955239512855,16.028237296089383,21.403833163734777,11.927502440700808,14.58760637142857,7.038946356182795,4.975505978962132,4.5243321677943165,3.59276519,3.9163109242219214,5.000306667115903,4.209268037868163,6.244812586394558,17.390844947001394,13.628769966352623,14.32330144534413,11.640621535820896,9.255414558704453,5.786908719665272,4.837446549125168,4.0317688057971015,8.406722565986394,3.0070949752066114,3.500982657553957,9.402741802153432,16.75062751464435,12.020550482479784,11.590447985155198,11.362551647482015,6.016308755274261,5.136138165487977,5.071892305929919,3.5956460294117645,2.4525086465256796,3.5848596272108844,6.149887839210155,9.712623822493224,6.879548779710145,15.926371395017794,19.450140933694183,15.511581476119401,6.723497925575101,4.096920660056657,4.543347652530779,3.4205957856135405,3.7273841603773583,13.207904611214953,5.733895788218794,12.062292086137282,14.36858828169014,19.69378695924765,12.52543464064603,13.93340333084948,12.359879352598908,7.807884972138845,4.901218029649596,3.921005178521618,5.819870004054055,19.29944624054054,4.95457371488178,13.098961427800269,14.260942550139275,10.957980626865671,11.394252641891892,13.309005077496275,10.210452096904442,5.181425284299858,5.682063189189188,5.067345236768802,3.6040345242290748,4.5795987704918035,4.0703044472511145,11.201495384615386,13.980955711699163,12.085443791610285,5.0
E275843,3.0217983651226157,2.7955223880597013,1.9235131396957124,3.4014104372355427,3.469811320754717,6.225748502994012,7.1256130790190735,7.2645466847090665,4.180979020979021,3.046081081081081,1.893661971830986,2.6020325203252033,2.381904761904762,2.5803278688524593,2.528027210884354,3.1635854341736698,2.7157894736842105,3.101697312588402,5.386559139784946,8.001623815967523,3.005714285714286,4.022597402597403,,2.630909090909091,3.1878542510121455,3.514754098360656,3.4559023066485755,2.7177777777777776,3.8474412171507604,3.854532577903683,3.9536290322580645,4.69300134589502,4.950418994413408,3.912768817204301,2.2609483960948396,2.7718367346938777,1.99810298102981,2.010359712230216,1.9077445652173912,3.141585535465925,3.5741588156123822,3.0756267409470754,5.656586021505376,4.754569892473119,4.493408134642356,3.9995967741935483,2.8482566248256624,1.4834033613445379,5.244790257104195,4.017014925373134,4.20578734858681,4.234166666666667,4.372222222222222,3.810277777777778,5.279268292682927,4.559084604715673,5.033240611961057,4.832523616734143,4.799163179916318,5.25235531628533,5.527456258411843,3.8172672672672676,3.9188425302826375,3.896111111111111,4.486556927297668,4.110972222222222,5.399059139784947,7.108228730822874,5.377158774373259,3.402724795640327,4.721001390820584,3.714535666218035,3.358197061911171,3.3489556501488096,3.7346128734890107,3.926305901184433,6.19540073180593,4.91573623816156,10.817288055107527,5.651851069387756,3.3181286783308934,5.386030376183844,3.691168230268741,2.246892952766532,3.004822077956989,3.3337710561151077,3.6857952870619948,5.392098453277545,4.496691900403769,4.099456408345753,3.999272367626886,5.019295641853932,3.5758920782426777,2.656546931440443,2.5652754617852165,3.135119076827586,3.6107655998511903,3.554154979878049,2.9494732876010783,2.43734160057971,3.7613318823450137,2.875442681641168,4.918166182548476,18.200089672027026,7.95104809930459,3.734041894451962,3.7209157332406124,3.007505329402985,2.451286459675237,3.0411287711598747,3.9220655842942347,4.0493467941653165,4.510704524629879,3.1313208204545457,4.671407215633423,21.014304723545333,3.7738308619777157,5.001049705675676,3.958688254735376,2.9860055548286604,3.0797890654442877,3.8252382895904433,4.19075982639087,2.1108038643055558,4.362084893956044,3.3550689701550387,3.428522828939828,4.900133372878999,3.0003810506258692,5.036291840540541,6.070491595549374,3.6200381175202154,4.152105
E282711,,,,,,,,,,,,,,,,,,,,1.4387310681818182,1.6123290463483144,1.8536813369863014,2.53467932027972,2.992276793243243,2.3500245708274896,5.09464897689769,2.332286968876861,1.5372598652777778,1.935286261808367,1.2626199624478442,1.4104444682861,1.508683802153432,1.58527723046875,1.5170374319526627,2.038165898527005,2.0455993540802213,1.8243638982360924,2.4908935187319887,1.4119813066485751,1.4049856801112657,1.291433457604307,1.3272585375,2.057688056527591,1.7994588215892053,1.290344718881119,4.901779525238744,3.7572909428172943,2.53390653638814,2.3446749084791385,1.3391635059701492,2.0515521081081083,1.7334463349593496,2.056268085227273,1.7348646185410335,1.8783731036339166,2.1037981196581197,2.02217212605042,3.6901754352750813,11.417661520166899,10.0112448033241,10.806126593539704,10.19335104023845,9.337610473193473,4.917641951253482,6.026692900537634,4.545800809192201,4.557747664812239,6.312249464959568,5.968324106169297,7.583744232839838,13.258854037709497,9.877981235215055,7.63164781671159,8.11568221797005,7.066884724091521,5.907166361344538,6.777822483130905,5.098069210852713,4.88447571870794,3.9472111829484904,5.054511278195489,8.048452220726784,8.241958041958043,7.348178137651822,8.997304582210242,5.862518089725036,5.125854993160055,3.713687150837989,4.142663043478261,3.2821997105643996,2.305799648506151,,,,,,,,,,,,,,,,,,,,,,,2.4755244755244754,4.502695417789758,6.310391363022942,4.174094707520891,3.654421768707483,6.286509040333797,5.897435897435898,5.173207036535859,4.243975903614458,4.817204301075269,3.062761506276151,4.194857916102841,1.5940594059405941,2.5228848821081833,4.05668016194332,3.438860971524288,3.5706806282722514,5.73733583489681,5.93135935397039,6.0
E283549,,,,,,,,,,,,,,,,,,3.2929824561403507,4.322043010752688,8.736082474226803,3.1089935760171308,4.5650472334682854,3.304341736694678,1.8541160593792174,2.644790257104195,2.9741405082212258,2.3508771929824563,2.9886111111111116,3.512330623306233,3.128055555555555,3.578968792401628,4.371370967741936,3.9222067039106148,4.929268292682927,3.6380222841225627,4.2215955983493805,2.8324324324324324,2.7570605187319885,2.0857526881720427,3.0474269819193323,3.428337874659401,3.085236768802228,4.405510752688172,4.199458728010826,5.086324786324786,4.286350974930362,3.4668055555555553,1.9905405405405405,7.752156334231806,5.9129850746268655,5.815902964959569,5.063699582753825,4.775405405405405,3.6618915159944367,4.871606648199446,4.4840053763440855,4.429748603351955,6.303091397849462,8.17304469273743,7.163575268817204,5.9917567567567565,4.854166666666667,4.257676348547718,4.2535465924895695,4.27226173541963,3.9976047904191616,4.73758573388203,5.755256064690027,4.767361111111111,4.39144827586207,7.389606741573033,6.062768817204301,6.217726349932705,5.001023666220238,5.40219004735376,4.297344637784091,5.383316890829694,3.7847046740412984,6.015632878975741,3.9237130442799466,3.0733069171070935,5.525742007022472,6.696797011420613,3.410070815477793,4.804733059219381,3.627184948201439,3.284095956043956,4.879002679166667,3.823317213997308,2.8701633027894,2.7009994287652646,3.742848442645074,3.24888984929972,3.373742420920502,2.570918276045627,4.372635851452282,5.162278719650067,3.9211806053571427,2.8523791232876707,2.8419118165021158,4.09438323527027,3.4773193468706536,3.3932346614555255,13.00733138091603,6.098308873955432,5.2981083363881405,5.944268857911393,5.94132409717742,4.007256522537112,3.8700193035874437,4.459854138024357,3.833899528094576,3.7707255815468117,2.1769611325991187,3.7264860401639344,19.2991422401084,3.61119335744089,5.272626448849797,5.073396947426982,4.043642933524355,4.400706947560976,4.418306102985075,5.481361364383561,3.7219636277777775,4.414782929469274,3.174727211297071,2.954121896783626,4.105463487348587,3.0389529591352855,5.024521793396226,6.7555453055788,4.557161458704454,0.5485833
E292149,,,,,,,,,,,,,,,,,,,,,,,,,,,,,,,,,,,,,,,,,,,,,,,,,,3.1720787692307693,6.449110785502958,4.388727872562675,4.10796782028754,2.6281561895504253,5.2608175088075875,4.986988254755435,5.365850321702721,9.007276407282536,14.606677971488178,11.898781707267833,11.13770825101764,11.740846043378996,6.512471995887595,5.15190717877095,3.30767043973064,3.196076051192146,10.712153508333333,8.740653273841962,3.7859994486907294,6.4577475541272,9.941117775766017,9.212027182491584,8.730025966846569,9.519539242401216,8.234822285425102,4.512747729206963,5.555537581584292,5.957190314420804,6.726541636653386,23.060574401621224,3.852767198312236,5.698902862585034,9.70428021687587,6.207492338524036,8.486939935135135,9.994266847715737,6.2346061319587625,5.108531644680851,3.4895517444219064,3.9722168668122273,3.4076882891891893,4.8596964583333335,4.055774682515337,7.1012193257065945,8.856329762900977,8.749634950067476,12.398238436827958,11.59830053880597,6.804552074324324,4.212143581589959,3.7759861284403673,4.123645686713287,20.016469028225806,30.491407018867925,22.583814625000002,7.390730070460704,9.641359119444445,7.18982415188172,8.915729399193548,10.211277683035714,10.856691679376082,5.891378083728278,5.897864308056872,4.683466030640669,6.98383632795699,48.36439868682796,7.927378877607788,11.02712509139785,12.559422182197498,7.120909134408602,10.375571846567968,12.713277284431136,13.280687713900134,5.998299632311978,5.933238061559507,4.237867101671309,4.122185452091768,5.341826387009473,4.32161116689847,13.078133736204576,12.609488282336578,10.629460303234502,19.53941
M107004,5.197564276048714,10.612518628912072,6.051490514905149,4.824267782426778,2.965006729475101,4.556657223796034,4.965695279891304,4.56243932160804,2.7262266085106384,7.711937765840221,8.237178341772152,8.726180264150944,7.182060722222222,7.543885688155923,5.872176826975477,3.875592891242938,3.020927821138211,2.0633599790502792,3.25506502617801,10.119860951734541,2.2682436619915847,4.363373982725528,9.543190755617978,7.607385777626194,5.495644632791328,6.427659457869635,5.769333868741542,5.229059458970792,3.9241451900269544,2.9090166312056738,1.6971337574525747,2.4040664392905864,2.442493968926554,7.523583734417344,6.681723256699577,5.983761203252032,4.570884165760869,8.933123832611832,5.8267707641379305,5.3107224847605226,2.874960282275711,2.3176986613603474,5.443320436541144,4.7771701190798375,3.997831085714286,7.295823139310345,7.0266527710674165,6.837124119079839,7.355232133783784,8.210714318335208,13.012870882352942,5.827936587578506,4.748225756871036,4.1723961184668985,3.6536012355046528,3.8493577191780823,5.348108517790262,13.055304083732057,10.875807199721642,9.989036274932614,7.729448690997566,10.329476170149254,6.546572578451178,5.252559016005567,4.096415328840971,3.729004270242915,4.408170759408602,7.937504197278911,5.539903299401198,12.02094464516129,16.78864491111111,15.052491901749663,10.174898193548387,16.793811286567166,13.089936224764466,6.927828942976356,7.38707428360215,6.6006984651810585,3.7023787836021502,3.907374126344086,6.437600331938634,11.423703726612905,15.4864411375,14.58647677956989,13.891228264420484,14.53740474152299,9.68052868800539,6.389488855972223,4.81954178102288,4.338347333333333,4.752279695020189,4.907148836671177,5.984037797493037,12.275943909274194,12.34265724275766,11.236211206325708,14.733258292607527,16.954432621609538,7.312383150403226,7.64047921875,4.777022000270271,3.527211729377713,3.0739808421052635,9.55329678032345,6.7907629375,10.628185989247312,12.889464199158486,13.772812497311827,7.593061588785047,,,,,,2.511335218978102,,8.205948593607307,12.844883323450135,15.668497970711298,11.990561971774195,11.690059596231494,19.583370141791047,19.749444099462366,7.561005990223464,7.485587144796379,6.253835103397342,6.392897393243243,6.66937168371467,6.563612647140865,12.899071561827956,9.806001290277779,11.787114663978496,8.93791
