STATION_NAME,Year,1,2,3,4,5,6,7,8,9,10,11,12
Blueberry River First Nation School,2016,,,,,,0.5753481533333334,0.32086597499999964,0.26798778595744605,0.29644596655518407,0.1997101428571429,0.4747476811377244,0.5059466111888118
Blueberry River First Nation School,2017,0.43507270350139987,0.2715003856240128,0.19860494275568186,0.1835709072463767,0.11429183867791837,0.29334737614814854,0.19808413389355775,0.16073710168067254,0.1279145492732557,0.1515868233146068,0.1479007362889984,
Castlegar Hospital,2009,0.30872011251758086,0.2643856920684292,0.18487394957983194,0.33051094890510946,0.347191011235955,0.40882778581765555,0.42593391375399753,1.067471266479662,0.7738207543812705,0.662158219876405,0.38483308248434744,0.4743298361554621
Castlegar Hospital,2010,0.5138676119495793,0.3698508260335921,0.3890933691308014,0.7215282115797089,0.42498456917226934,0.43104732347901614,0.8709975836652655,1.0627953626404514,0.8927918104782607,0.37744497473529387,0.5058031679160633,0.5719811542777008
Castlegar Hospital,2011,0.5396716867132862,0.6480306232558143,0.7098041340563368,0.6931574732272071,0.6682296453679778,0.55383851050578,0.4779977542778558,0.9278399905042006,0.8608180672228652,0.710846130139692,1.1666373208393628,1.0128323834033617
Castlegar Hospital,2012,0.4028523761319939,0.31785400646871237,0.41049535920056124,0.645141457193034,0.5703405574229694,1.1277336555861077,1.0946912443820238,0.8413161133739488,1.3472873094610993,0.5578664286414559,0.7556692902757634,0.9774532769230774
Castlegar Hospital,2013,0.3750344872841066,0.3658291798604653,0.8509407654494375,0.4368756802514538,0.8587638149473682,0.864280213572985,,1.1583274631609193,1.0391764710982654,0.6335108334089637,0.3381401275340086,0.3922754150772469
Castlegar Hospital,2014,0.3966953817016808,0.8381737391524104,0.5097325722177869,1.0296673205846603,0.6255298116057532,0.6648642431259046,1.0251184221598881,0.9026499428403352,1.0815608579100149,1.0431003277450976,0.36736226688063994,0.4044164628571428
Castlegar Hospital,2015,,,,,,0.6547491750724639,0.7573670870476877,1.0710593385675666,0.8962416448326049,0.7709424922925467,0.4043711088277854,0.41812282108438825
Castlegar Hospital,2016,0.8406040972134832,0.8998272165571952,0.7981835304061622,1.3675540687409549,0.47206551928792134,0.6554345571712622,0.9609686973125875,0.6494820896358545,0.8220819970972428,0.6903546000000003,0.4510151157887118,0.4219686382772275
Castlegar Hospital,2017,0.6065034175098039,0.8234648616174176,0.8474745572665732,0.780268735166426,1.146563191279886,1.1814327470930248,0.8083849310829813,0.962338511791316,0.8258599649023329,0.2375140197249296,0.16879855825913045,0.16909003129901276
Castlegar Hospital,2018,0.4469504814834207,0.43575996789147253,0.6881642117837065,0.7898103587889371,1.0289103694965038,0.6012001169622098,0.540947728690476,1.1033353770196077,0.8912365967641361,0.6230162690476194,0.44402787053857334,0.4713198624084509
Castlegar Hospital,2019,0.30940100000000004,,,,,,,,,,,
Crofton Escarpment Way,2009,0.8209563994374123,0.5105426356589148,0.03672316384180791,0.3699421965317919,0.03651685393258427,0.22786647314949202,0.08103207810320781,0.043478260869565216,0.11901306240928883,0.14425770308123248,0.08284883720930232,0.5798319327731093
Crofton Escarpment Way,2010,0.2342857142857143,0.14108527131782947,0.29294755877034356,0.43389705105678283,0.4365527503546102,0.43713191380710653,0.6278091181943617,0.7602683484283718,0.44704753309855066,0.7329241561946014,0.5049848438488888,0.3896308442704228
Crofton Escarpment Way,2011,0.49044653048801096,0.3022163664890281,0.2925386729118064,0.1983656030334298,0.3532812228695653,0.5792999209677417,0.7703275992696629,0.826640241075631,0.897550117639939,0.5159616659538573,0.26468096409752545,0.4081051342841068
Crofton Escarpment Way,2012,0.2932058813885876,1.1567594397744365,0.7032152369514285,1.1777042780607812,1.0924169104599155,0.885896303982301,0.8485238159534552,1.1403418657941171,1.5319131567379904,0.8379839396498604,0.9928449578179189,0.5406718713235296
Crofton Escarpment Way,2013,0.8270318954233469,0.32043749803448235,0.45209609523809513,0.8385573905557159,1.2251413059285716,1.3080279121871345,0.8499244734550564,0.7789325051195499,1.0764855462427745,1.5493895004922196,1.0922460767004334,0.5741749342997202
Crofton Escarpment Way,2014,0.5892791455255254,,,,,,,,,,,
Crofton Georgia Hts,2014,,0.9045924029850748,0.4413927994389901,0.12017383419689122,,0.7498509740820735,1.0087486220028217,1.0928862055459267,0.5397233724489795,0.5313060130069924,0.5896295104477614,0.44546284780141865
Crofton Georgia Hts,2015,1.2272067914407998,0.7831025493001555,0.8550920529829541,0.3645267085987263,0.7485441324189517,0.8328306382608687,0.8209623512232417,0.9444086499205082,0.7865235231884055,1.0622914157303367,0.5176885234693877,0.46841381159830264
Crofton Georgia Hts,2016,1.1807287125352124,0.9103929506766916,0.8188991900420765,0.7168075510885343,0.7402076217638686,0.2732204829473685,0.6193469244332489,0.8406951216292127,0.9034098985507251,0.613999424786325,0.2733812640579711,0.2031040017045454
Crofton Georgia Hts,2017,0.4272608053596618,0.4878616538461539,0.29402942031029633,0.3988531235154395,0.7064285608695656,0.6650013457602345,0.5638646357643758,1.3306139921126772,1.1473356289244176,0.6147858129032265,0.11729741304347835,1.1861785124463518
Crofton Georgia Hts,2018,0.33254769886685537,0.11526907845911934,0.36047224383116855,0.2796249055152395,0.5880217910238429,0.4189826093596058,,0.8126154564796906,0.7153746742028986,0.9166367546984583,0.6417578760233926,0.611725076595745
Crofton Substation,2009,0.5021037868162693,0.38664596273291924,0.13642756680731363,0.07569141193595343,0.14084507042253522,0.16063675832127353,0.3222689075630252,0.6134453781512605,0.11739130434782609,0.44397759103641454,0.39332365747460085,2.5784313725490198
Crofton Substation,2010,0.9915730337078652,0.1590136598722496,0.9343594246500708,0.5767219037896347,0.8864373622394366,0.7430157236464346,3.3793062812342196,1.307023817504657,,,,0.4558031731716417
Crofton Substation,2011,0.6883214035676063,1.6616947837841622,0.21261651913580246,,,0.8095205274081637,1.2883282266497176,1.70670671962132,1.882548037237608,1.9246989632167846,1.144793456730043,1.0157346159943978
Crofton Substation,2012,0.6192506593023257,1.6784034528140648,1.0544129345394668,1.0829023449102748,1.7688822380703266,1.3566968719491272,1.8190513463064346,1.5912769216106442,1.8828453165988355,1.2066600854584029,0.8573528432489079,1.3852183944113712
Crofton Substation,2013,1.9950497675070036,0.9137736529318535,1.697556105337079,1.5620995028901736,1.6932414831932794,1.6241168228985503,1.8221247810200656,1.7992330553737645,2.3953808201369986,2.519308128565584,1.3545517536588916,0.8772842394943984
Crofton Substation,2014,2.0937112159887796,1.1697704687500001,0.7141130336134456,1.2518433112590455,1.6309031829578664,1.3343758049132957,1.8524671445224719,2.330139168053222,1.4158109083913037,1.0073397890476194,1.4188128352601146,1.0494051868463856
Crofton Substation,2015,2.887961810958904,1.064758548187597,0.9583149719731139,0.9650700130246017,1.4145489271708689,2.111369723940149,,0.6014006065247521,1.0255689907968073,0.8926067587517732,0.6965318072473405,
Crofton Substation,2016,1.1058936362131526,1.4928465239520958,1.3251514089635856,2.309521451237265,3.128633669479608,1.1933899186322676,1.213730174806583,1.8830068225873255,1.3969976903056762,1.7998261514811207,1.0160314644674389,1.4869902720451331
Crofton Substation,2017,4.578577059658639,2.226437917829457,0.7623393706293715,0.89026053633721,2.8794264388720143,2.100969519507957,0.8491289155965034,1.229822367227828,0.7808499561049559,0.8355460145015402,0.8058642647683077,2.357595512990872
Crofton Substation,2018,0.7813669939451472,1.8629355623794404,1.288344666787114,0.5880892174819102,0.8651395103483149,0.7014053530434149,0.5812226890938378,0.61198068693404,0.8714712904142028,0.8648069131092437,0.685768077583697,0.38224610071599735
Crofton Substation,2019,0.305714,,,,,,,,,,,
Doig River Cultural Centre,2014,0.13913047253218877,0.07060467511664073,0.06285084283707866,0.05477128682284046,0.03237424381223327,0.039890382132564885,0.053209704078762306,0.06848995305832144,0.09820354492753626,0.12577349039881838,0.12641125882352952,0.29814279523141646
Doig River Cultural Centre,2015,0.10602331623931613,0.12283321684867406,0.0855301165467626,0.06082478809869374,0.04127017615176153,0.10960274709302335,0.16069699833610676,0.08145811149897332,0.05773481259044863,0.0724774936170213,0.10239317587209297,0.15677329411764707
Duncan Deykin Avenue,2009,0.1111111111111111,0.10760233918128656,0.011235955056179775,0.0,0.0,0.00723589001447178,0.023809523809523808,0.20168067226890757,0.25180897250361794,0.4943977591036415,0.23878437047756873,0.014005602240896359
Duncan Deykin Avenue,2010,0.022792022792022793,0.030959752321981424,0.032303370786516857,0.19428443828168593,0.18303134686816275,0.20669570784883698,0.5177682973352029,0.5175725147679323,0.5357731028985511,0.38491323858931065,0.25903595469331403,0.3727945204347822
Duncan Deykin Avenue,2011,0.21665002038218817,0.1906557319503116,0.17353551817630475,0.14167819630015085,0.06247187499999997,,,0.40772823809523806,0.2542472940853834,0.21861231714165472,0.07374250821721313,0.24425529515418518
Duncan Deykin Avenue,2012,0.24244622708039468,0.47511646246246225,0.23568087288135625,0.39153838784370437,0.37779422268907537,0.5024119143279169,0.674148513286713,0.3413741010784316,0.4512598044702465,0.23928887238515398,0.19958620807471097,0.17635112960717292
Duncan Deykin Avenue,2013,0.46589579291036404,0.2948739693392069,0.20834308848314595,0.2720434992700727,0.39645702661064447,0.4673336975397976,0.3110712563380278,0.2594834064697609,0.3381270809248554,0.7743470548523205,0.44479924666666665,0.4514766610644263
Duncan Deykin Avenue,2014,0.6122546557219729,0.29506158011111105,0.33281575189873425,0.13167818612485477,0.2620696872608697,0.2906919463076924,0.45828840584008773,0.4446186644079881,0.4724507074113372,0.33104118482419165,0.2185660259115043,0.30614036616573026
Duncan Deykin Avenue,2015,0.9220577168674702,,,0.36106377399071193,0.3362681645257268,0.30322185213458114,0.4728728000098456,0.6080523723695341,0.43966220886486523,0.5265250861162467,0.381305308701166,0.2913498681612447
Duncan Deykin Avenue,2016,0.4639666574881118,0.4481611770164917,0.5347427233146065,0.7919303082489144,0.7805103253521126,0.7628583318840575,0.9153800742296918,1.1567354047954872,1.078972612156294,0.7930099775910364,0.6007598683068021,0.5008984398868455
Duncan Deykin Avenue,2017,0.6357921392405064,0.7132924059097985,0.64016571488764,0.7906211613372093,0.8560015098039216,1.0052495392441851,0.985019681118881,1.1731014397759099,1.2277230043604659,0.9242653473389347,0.6725832793053542,1.1123538030942328
Duncan Deykin Avenue,2018,0.6722024857946545,0.45433288878504696,0.5519189160337555,0.5241160931884066,0.5345146706293712,0.462413540697675,0.6303289508403372,0.573280466290551,0.5953852216255452,0.7450193546984575,0.7759782716353114,0.45655919280575624
Duncan Deykin Avenue,2019,0.27874,,,,,,,,,,,
Farmington Community Hall,2014,0.20724005652173916,0.1240389703125,0.1707952593162394,0.18952994962962966,0.20033280941358025,0.17396120194489473,0.1763856570802919,0.20237559630200289,0.1506778382126349,0.17170525769854117,0.24030438109374988,0.2688548166931633
Farmington Community Hall,2015,0.25375921616541364,0.22199173439999928,0.22200676230899827,0.22575479064587975,0.13293325668449202,0.13973502474916402,0.14364510489913537,0.3408114235624125,0.13791840853835016,0.2217741273913045,0.25580963965267756,0.31904893966244713
Farmington Community Hall,2016,0.2373829754957506,0.35434592919161684,0.3997626537166901,0.43833510901502465,,,,,,,,
Farmington Community Hall,2017,,,,,,,,,,,,0.28590717353951894
Farmington Community Hall,2018,0.1296229194677871,0.15600010666666667,0.20977866263079234,0.16410327109826572,0.13616009464788734,0.13015787034277207,0.08908261344537821,0.2168311974789919,0.17383882344428364,0.1539135636107192,0.14889487485465114,0.16743715166425474
Farmington Community Hall,2019,0.603888,,,,,,,,,,,
Farmington MAML,2010,,,,,,,,0.6269983349282294,0.5768996999999997,,,
Gibsons Municipal Hall,2017,,,,0.6407492157676351,0.5663617116212337,0.8311831306376358,1.3842552507204624,1.0918253323782232,0.4713962431085048,0.6036740377358494,0.44748507525325637,0.610410266292135
Gibsons Municipal Hall,2018,0.34794495605633796,0.25960379750778795,0.26645119012693935,0.245424861167883,0.28387774477611954,0.3577569583333334,0.4560229803370788,0.33771956107193235,0.17585362463768128,0.21435231608391586,0.43509401453488383,0.32796465594405577
Gibsons Municipal Hall,2019,0.516206,,,,,,,,,,,
Groundbirch MAML,2010,,,,,,0.5365102988095237,0.7518075460431656,,,,,
Harmac Cedar Woobank,2009,,0.14408233276157806,0.13904494382022473,0.34636627906976747,0.6457223001402526,0.12040520984081042,0.8542856539924265,0.5531554147331458,1.1602283361581918,0.46048065295524543,0.5649995234542814,0.5812558333193278
Harmac Cedar Woobank,2010,0.338009341326301,0.5192580302100164,0.5489110323595504,0.6999805299121516,0.7749252969187669,0.9167618857288629,1.1667452830508478,1.1590539752148996,0.7130140307837443,0.639048556008403,0.9823876075581383,0.9901118483146055
Harmac Cedar Woobank,2011,0.3788274831090913,0.37349079576545174,0.3685849724019607,0.373177538089725,0.553068231602945,0.5415769330163936,0.5845709401400561,0.8026062478862366,0.6802484196353112,0.3792848414808388,0.29776595226080504,0.3213959016386554
Harmac Cedar Woobank,2012,0.37010686163841816,0.6884694669669672,0.6164853967655369,0.8502266874095511,0.8448618651685398,0.7071948654124459,1.4768269915848535,1.5022588361040803,0.8859546307753982,0.4192488983786076,0.5021642594752191,0.599014976108157
Harmac Cedar Woobank,2013,0.4530485786619918,0.3012440342211836,0.5449182830952382,0.6587658517155304,0.9932104839662443,0.796948868885673,1.13388152,0.5729840519127984,0.6260574211075619,0.6415386049299725,0.36873920260247084,0.3449180227489479
Harmac Cedar Woobank,2014,0.6393840063305265,0.31723196760775235,0.5438460682229259,0.36120219860729913,0.4281821281758089,0.5616233553597645,1.3267359443053548,1.0523791530737363,0.9373056994219655,0.380925134414669,0.47902691255474433,0.3700373780141844
Harmac Cedar Woobank,2015,0.6709915690140846,0.7893283736263734,0.9463661797752821,1.0130564098837214,1.326080991391677,1.8350426771771786,1.835298155619596,1.8153750593796183,1.5887108950146638,1.3569232139044933,1.4411841139088715,0.4330642700389106
Harmac Cedar Woobank,2016,0.4195889874824191,0.4217815173453999,0.560479732770745,0.4813279985486221,0.8023273469675594,0.9823192861313861,1.4583569419943818,2.3946997763046523,1.3699720114925384,1.1025186026722933,1.117641886588921,1.2565345064179128
Harmac Cedar Woobank,2017,1.242499,0.4099311129032258,0.3590875507042254,0.3405706943231443,0.8636836977401126,1.2164186690962102,1.0447689324438199,1.6102600276297347,1.188458441751824,0.6833211032303369,0.6318536789550064,0.7165551497884349
Harmac Cedar Woobank,2018,0.23275078744710853,0.1886836930708661,0.3444287545325777,0.2653934493769471,0.5584828464080458,0.46142615838323336,1.40581699716312,0.7846766766197182,0.5673892021897808,0.5458577660112361,0.32720772029197076,0.21747330641025647
Harmac Cedar Woobank,2019,0.171388,,,,,,,,,,,
Harmac Nanaimo Duke Point,2014,,,,,,,,,,1.8308396192307694,1.4293887002403842,0.7494969336134457
Harmac Nanaimo Duke Point,2015,0.947987008628005,0.729867281132076,0.9578242231092435,0.5330586266280752,0.5783621701828406,0.4803594423133235,0.600170461430576,0.8430401429577465,1.2708319496360974,0.9671850207547159,0.7654041302765645,0.7543052848527348
Harmac Nanaimo Duke Point,2016,0.7441492044817921,1.148958131097561,1.4066859998601389,0.6739545340086831,0.7186113037593981,0.9969470566037741,1.3771389059180585,0.9934333386235958,1.283401603328508,1.987715394067799,1.7827047027576242,0.9628525027972025
Harmac Nanaimo Duke Point,2017,0.6892812464788731,,,,0.5963982854077253,0.35864674775036304,0.33339153257698506,0.3317629599999999,0.4916962518853693,0.2263524075630253,0.4523756483357456,0.4357789356741574
Harmac Nanaimo Duke Point,2018,0.32299999999999995,,,,,,,,,,,
Harmac Nanaimo Dukepoint,2014,,,,,,,,,,1.8308396192307694,1.4293887002403842,0.7494969336134457
Harmac Nanaimo Dukepoint,2015,0.947987008628005,0.729867281132076,0.9578242231092435,0.5330586266280752,0.5783621701828406,0.4803594423133235,0.600170461430576,0.8430401429577465,1.2708319496360974,0.9671850207547159,0.7654041302765645,0.7543052848527348
Harmac Nanaimo Dukepoint,2016,0.7441492044817921,1.148958131097561,1.4066859998601389,0.6739545340086831,0.7186113037593981,0.9969470566037741,1.3771389059180585,0.9934333386235958,1.283401603328508,1.987715394067799,1.7827047027576242,0.9628525027972025
Harmac Nanaimo Dukepoint,2017,0.6892812464788731,,,,0.5963982854077253,0.35864674775036304,0.33339153257698506,0.3317629599999999,0.4916962518853693,0.2263524075630253,0.4523756483357456,0.4357789356741574
Harmac Nanaimo Dukepoint,2018,0.45281953188202295,0.318335680930233,0.29572936765119556,0.39196178784370483,0.3136333421276599,0.28562531749598696,0.2766158055793993,0.23291769593267866,0.3784951176555718,0.47242375784313745,0.749585319634703,0.5694464421052629
Harmac Nanaimo Dukepoint,2019,0.31545,,,,,,,,,,,
Harmac Treatment Pond,2009,0.16666666666666666,0.3876582278481013,0.09943977591036414,0.3988355167394469,2.693820224719101,1.4469026548672566,2.552666285926075,3.264117184886755,5.123937701828416,0.4349234736273395,0.6083280069912789,1.0864911255725471
Harmac Treatment Pond,2010,0.40493373469047594,0.2900001,,0.448915576787265,0.8968146403501395,1.367890344250364,8.682594070195814,3.602702634439777,2.308577187242381,0.6651862936235629,9.05308386715117,5.296021969144459
Harmac Treatment Pond,2011,0.7800163277816528,0.7121771044813086,0.5684785392296917,0.459399813684971,1.4994307162921354,2.7886067825985466,2.2599799306722694,4.858734105337078,4.537622469696526,3.0179182745098068,0.9849834730713244,1.4607768291316519
Harmac Treatment Pond,2012,0.991342631652662,0.7257892965315316,0.3198986566106443,0.8406536558610708,1.8216133139044948,2.2392585513748156,7.185517900000012,6.6779674057566725,6.245345573140374,1.0012596881104912,0.5531205539358597,0.5511059495798317
Harmac Treatment Pond,2013,0.8596391934173672,0.7456319080996892,0.8872927633476368,0.9609373179305363,1.2908495714285735,2.0083145185998923,7.303979971388506,2.105766165530411,3.0306631550533627,1.7409433902689093,3.5176325416302827,1.0915069384615377
Harmac Treatment Pond,2014,1.4234296315049229,0.5155047605273009,1.1313354360056258,1.9792232576866764,1.5223200352289923,2.8677856672529076,6.17606974699713,3.0818869547963446,2.3517326222222223,,,
Kamloops Aberdeen,2015,,,,,,,,,,0.15652708498583573,0.2712456767004343,0.414002700280112
Kamloops Aberdeen,2016,0.4771078893557428,0.3246636741854637,,,,,,,,,,
Kamloops Brocklehurst,2009,0.1388888888888889,0.07286821705426356,0.02545968882602546,0.047493403693931395,0.3051643192488263,0.13098384728340673,0.7260934551544942,0.8468037918143462,0.8415131684934867,0.5609122935231412,0.8254519266234717,0.6509988428181821
Kamloops Brocklehurst,2010,0.3110204025637007,0.3645487684864691,0.6290604472441577,0.9188265837845706,0.7735271083542129,0.7083264986248173,0.9271161193488704,1.253439781997186,0.7792862717279408,0.7425168623659307,0.6369905995475839,0.5894071718691982
Kamloops Brocklehurst,2011,0.6615397127128425,0.4263392588468749,0.4311508969024052,0.3298553672727801,0.2762622616961483,,,,,,,
Kamloops Federal Building,2010,,,,,,0.32427746050096257,0.37556015325622777,0.5355396221910117,0.6144258759686899,0.5056585382710672,0.5793180725611744,0.6208287366149511
Kamloops Federal Building,2011,0.6064439335581899,0.4186435574538945,0.2915889972814283,0.20895341027721331,0.3085275012213235,0.26786611528822046,0.2880309353043067,0.385448978361035,0.42011521719171413,0.3532917032348803,0.30367979680696666,0.37496136986301376
Kamloops Federal Building,2012,0.3882529446808513,0.1768913533834587,0.32791474681753907,0.3810626700581398,0.3125424002808989,0.2600543308931187,0.28150889790589895,0.2681222540352608,0.31249823691860473,0.23882382419350268,0.3097283526850507,0.3778120663841811
Kamloops Federal Building,2013,0.5598393567415728,0.28690723011093977,0.3338537201124998,0.2664008299607558,0.23311995648876394,0.20231381832248535,0.34721960818978104,0.5410495330261134,0.2423212207602337,0.37265769577464786,0.6668636122254752,1.0111352022471916
Kamloops Federal Building,2014,0.346516438508451,0.3685738675287712,0.23243087547872318,0.38355245928779047,0.41483233845285733,0.34970340832262786,0.35273337992937875,0.31879878651685395,0.34378180886482584,0.24058817837078625,0.18818411022220624,0.1525160608372715
Kamloops Federal Building,2015,0.2657827152626759,0.4174360720812184,0.34192224186704395,0.3191331062590975,0.6002716409600005,0.44670923222061026,0.3689107763235292,0.4340561736694683,0.39821626836734714,0.44332303814866736,0.4430173443352604,0.3811685234965032
Kamloops Federal Building,2016,0.5465796068627452,0.32504472111613886,0.8891350616246493,0.8519708929088277,0.8029289174825166,0.6392039479015916,0.3843591414265537,0.9045276051188303,0.6950977397398849,0.47851647517730544,0.48191577971014543,1.0405828263305315
Kamloops Federal Building,2017,0.5012100497759103,0.7588941315789469,0.5034333711673696,0.37807323076923127,0.5197975728291316,0.42563385878623183,0.595947591633566,1.0993617357307985,0.5859591023930022,0.2115101248724332,0.24880669464884403,0.2961615268393557
Kamloops Federal Building,2018,0.34821749629943516,0.5583249160623048,0.7488118917321696,0.532622501242775,0.6094215493755278,0.5361740124702965,0.7115155142454418,0.6606817901509893,0.4297369725895193,0.5419533054125211,0.31390012933140415,0.3506500084760566
Kamloops Federal Building,2019,0.3800091,,,,,,,,,,,
Kamloops Fire Station #2,2011,,,,,,0.47265261020408167,0.4911978279661017,0.4460063409812405,0.36649186924290206,0.3878903531073448,0.5440434381368272,0.45042148295454526
Kamloops Fire Station #2,2012,0.7434823957446817,0.5243685084858568,0.48825747564841576,0.37902654279411774,0.34911494646892666,0.23070589082969428,0.28951015912921346,0.23069217215909116,0.3623607969253295,0.485591906039326,0.45655448255813974,0.5155363485835699
Kamloops Fire Station #2,2013,0.611452575561798,0.3830820748019013,0.617030735583685,0.866155558309037,0.6746645014044939,0.5295082063953488,0.46711656824925785,0.728687700987305,0.42929369513991195,0.7200671204437397,,
Kelly Lake MAML,2011,,0.34898769113924055,0.38590270695970696,0.3450355315789476,,,,,,,,
Kitimat City Centre MAML,2010,,,,,,,,,0.7382978723404234,0.53492957746479,0.5408491947291386,0.42052117263843686
Kitimat City Centre MAML,2011,,,,,0.4599098407407407,0.36180101801801784,,,0.5970181111111111,0.61830027247191,0.8571176503198297,
Langdale Elementary,2009,0.34985835694050993,0.1536050156739812,0.32704225352112676,0.26200873362445415,0.25752840909090907,0.059854014598540145,0.6836310169252471,0.36697652461322117,0.5757696686131385,0.6912996399859357,0.4095889868452383,0.5639803206751062
Langdale Elementary,2010,0.3533000372492834,0.5438332535211267,0.39899662481536174,0.41499067173252285,0.5860814514767931,0.3563586176911543,0.43624804558333313,0.44481872937219086,0.4919533162593144,0.7545741323572437,0.7689804758558011,0.7148431241754579
Langdale Elementary,2011,0.9942923726526622,0.5956512103364939,0.3821251555288462,0.33734970728893426,0.3845643342957746,0.7403765094339625,1.0837592877291953,0.7426023094233474,0.8046676498516315,0.955831165525947,0.43634806338875837,0.6980810332930512
Langdale Elementary,2012,0.4858837724219409,0.4979667694586465,0.4816743536056339,0.3810645511453486,0.4156783858407875,0.6094644521351743,0.6213791744022505,0.522218415254237,0.7506109084302324,1.0006804032067518,0.4492955853361918,0.9451338634508436
Langdale Elementary,2013,0.7708274396685386,0.6213103067292649,0.7783367482419132,0.7769706555232566,0.6611123595505617,0.7914939840116277,0.7063447032348796,0.41380977831593774,0.42846715688081377,0.7300499129523875,0.7002850431669093,0.7012536863530243
Langdale Elementary,2014,0.8213970451553677,0.4442753297270405,0.9458853627144869,0.4756066301335266,0.3028215590070227,0.5090235853577029,0.5064334052279202,0.4601654425712271,0.6606938422954872,0.7267668482748947,0.5769826562249633,0.8490452990373563
Langdale Elementary,2015,0.6784559714084504,0.9510849157566301,1.0529078298171584,0.8786415457184319,0.7296577468354428,0.5448752073875187,0.44934540535533735,1.153964742977528,0.43680453924709284,1.2874106118143454,0.7187424869215114,1.231895301966292
Langdale Elementary,2016,1.077407419633802,0.8386319993533825,0.6225290510785954,0.4303789688854167,0.9009377679324898,0.2499378457943312,0.30979563521126735,0.7050029506346978,0.9208649026162785,1.2727760878045322,1.0811671436865016,0.8519321701828405
Langdale Elementary,2017,0.9100998466947959,0.7574624412698411,0.6365004087078652,0.6443617001455597,0.21736177809804474,0.5663779156976739,0.8667955941011244,0.7018087037710675,0.5009454442394159,0.4483277339181283,0.3540210215494188,0.36911952592592606
Langdale Elementary,2018,0.41683538714801477,0.2686700423399038,0.18520081802039384,0.2998543722441859,0.17641953282547304,0.37778481091291716,0.5859454178089887,0.4259212925199706,0.287294738847605,0.3304881787602526,0.4319675065744184,0.27118983160294124
Langdale Elementary,2019,0.36999990000000005,,,,,,,,,,,
Powell River Townsite Helipad,2009,0.7764951321279557,1.5953271028037388,1.8826330532212876,1.3583697234352263,2.2354341736694674,2.7031930333817096,1.534824384225615,2.4555708630728295,1.5475310194817524,1.8359160748728802,0.687135449725332,0.9932337625881117
Powell River Townsite Helipad,2010,0.6177145688842857,0.5196546852713176,1.2080779405028894,3.4252676499565844,2.7560718834027997,1.2989272198422568,1.7008216323427385,0.8835489245070015,1.2840930742525392,0.5517519439465542,0.47238382127930467,0.5519128352112675
Powell River Townsite Helipad,2011,0.6698191706293711,0.8234915100775193,1.0027094634831466,1.2425410438722526,0.355464367161517,1.1493566569767437,1.0028097050561788,0.6177848036596648,1.101079986046512,0.787552138655463,0.38973865319075196,0.5585591395264182
Powell River Townsite Helipad,2012,0.3537716217046413,0.6075421688721808,0.4841482988184768,0.5994021944327059,0.8820033677327698,0.8343804107756871,0.9927080985730222,0.8579597321438646,2.0863420289435584,1.0888623160337538,0.6171334649724232,0.686853371397472
Powell River Townsite Helipad,2013,0.4401809297144863,0.8710638102643844,1.315249712924088,1.0729986975397983,1.2132181207865163,1.5590151384057946,2.315577401960783,1.3733662682584271,1.2839490998552827,1.6301293734265745,1.0679291758720935,0.8426966918767499
Powell River Townsite Helipad,2014,0.7370442212816908,1.0278950170666672,1.4527711076923084,0.8803697612170751,1.9268218581025278,3.9718661322431323,1.2744563367692312,1.4070832081575244,1.219735452830191,1.4830262121212128,0.7005121690305679,0.3961843839105115
Powell River Townsite Helipad,2015,0.5726328851540615,0.47881127038880217,0.6406611443924047,0.6315421698179191,1.0191988776680734,1.4484877094801223,1.3840440483091798,0.98630622496474,0.8239051936560698,0.8128472260432094,0.6434658046309686,0.5730053292142856
Powell River Townsite Helipad,2016,0.6032042900000002,0.7020939292168666,0.9797609410673214,1.0444265267936053,2.262960322039384,1.3304723328824375,1.9613546929873782,2.3323196514422544,1.0416429352998544,0.8687779089650355,1.102517923512337,0.7903175133802828
Powell River Townsite Helipad,2017,0.5168315947927177,1.0253315703004728,0.4872733812651686,0.7575853057337192,1.051069958215189,1.7852500412659897,1.915570817306889,2.8795680307692315,1.9423203309143684,0.916438194677872,0.45076007965173864,0.8752023668049081
Powell River Townsite Helipad,2018,0.6652124302579466,0.5721376857170541,0.6380974751194697,1.3960955495145624,2.4895956027804194,2.654972594020613,0.7816620210084043,0.7829685674155901,0.6902811828737302,1.1187083969144445,0.77614393841312,0.36989702795035334
Powell River Townsite Helipad,2019,0.0,,,,,,,,,,,
Prince George 18th Avenue MAML,2017,,,,,,,,,,,0.983835642857143,1.9203009241573066
Prince George 18th Avenue MAML,2018,0.796665,,,,,,,,,,,
Prince George Denicola Ranch,2010,,,,,,,,,3.7295774647887323,1.9407616361071933,0.6943231441048034,0.4971830985915493
Prince George Denicola Ranch,2011,0.82704499264979,0.8565045425856692,0.6834472432734918,0.51120133532656,0.49670550919646334,0.2866921015238372,0.5274271758960676,0.5771044917391299,1.7205812405627903,0.9735084122112685,0.5666960960903514,0.9076132793530235
Prince George Denicola Ranch,2012,0.5428948160569801,1.5827187286150342,0.5196639007172992,0.48254894502183415,0.452654115734463,0.4376595239671033,1.0920310439099856,3.477106765963431,2.569835992515941,1.4393907018279273,1.445874625,
Prince George Exploration Place,2013,,,,,,,1.0353605486725668,9.05,1.5317602273504258,3.3223321011235942,1.8492861530460631,1.7185742443502836
Prince George Exploration Place,2014,2.3621713974395457,2.81990291405229,0.6755095823008844,0.9010116469673406,0.9630229266666661,0.9396292799694191,1.3813791764094938,3.2479520468697114,2.516187039882701,1.8939370964589246,2.2954927433382144,1.9390980894217211
Prince George Exploration Place,2015,1.7009129393767681,4.930453693900484,2.640791717252398,1.2278954349926783,1.6249371356028377,1.3679706788856303,0.8639994348441932,1.0383915248939182,1.047020785818713,1.3737692521246458,1.695209632796486,5.251514656965175
Prince George Exploration Place,2016,3.759455624525044,3.454256629349471,2.524701056676138,0.7030997999999999,0.6778791790299574,0.659741256934307,0.5179202648725206,0.7124623295615276,0.7439912286549711,2.1782683222065047,1.4715848316251832,1.4856608561354012
Prince George Exploration Place,2017,0.10499800000000001,,1.6330612011747416,1.7965464630882342,0.981909802931596,1.643076769633511,0.9816443537313448,2.4508730805755414,1.7352016060606064,1.6024805572289171,6.202467631249996,7.272401191740414
Prince George Exploration Place,2018,13.2737008140146,4.625596290069681,2.253294124807396,1.7273908233727813,0.7388869542568541,0.5774582660265873,0.772549778702398,1.0115007186081701,0.6959335464179113,2.2600613432116776,1.294203464339909,1.0542833859154923
Prince George Exploration Place,2019,0.011731,,,,,,,,,,,
Prince George Exploration Place Trailer,2010,,,,,,,,,3.2042553191489342,0.9856338028169054,1.4524709302325547,2.9524613220815783
Prince George Exploration Place Trailer,2011,1.3290305828651665,1.2781617769110776,1.6466909565217398,0.44663616133720974,0.7365688980169969,0.5648192383720926,0.7166680519662921,0.818258760591549,1.1952293095915707,1.4664678523206742,0.7102327303206993,1.2482884479633811
Prince George Exploration Place Trailer,2012,0.6976457042869193,2.456361629367868,0.6690511390291258,0.7666247955436049,0.8531866713193152,0.49084506348467144,0.49312513384528817,1.6827413273918543,1.2600228478275353,3.226009528319208,0.4087771111111111,
Prince George Jail,2009,0.48830985915492964,1.3515723270440256,0.8039381153305207,1.5183139534883723,1.0710674157303375,1.5405563689604687,1.7665260196905765,1.5704225352112675,1.8517441860465116,1.0843023255813953,0.8979591836734694,2.5144176425123357
Prince George Jail,2010,3.308547753957679,2.422394934152412,1.2491294239859576,0.8055182437492697,1.7337135176436598,1.0629201833332842,1.3773118942632343,2.4817043755274266,2.5130363222060907,1.637098919929278,2.1347799506273653,2.451319462949366
Prince George Jail,2011,0.9907273089761235,0.9455909848920189,1.3755296221724336,0.4946197356152989,0.881072545896747,0.5901591061933135,0.769038423467061,1.2402911261344634,2.089096947860058,1.7013432412661949,0.5426266651224051,1.034045746192688
Prince George Jail,2012,0.6571711514704224,2.655562262669774,1.1712474529898937,0.9058053071671556,1.1776801132000005,0.8903660415932947,1.4302519782347907,4.176789829836848,2.9381436175211064,4.305315124548018,3.907872011628339,1.7787670125752448
Prince George Jail,2013,1.4224795918800281,0.8772985328629279,2.4485703185690166,1.4947856860713231,2.2302265126478877,1.206689777808418,1.540436773823034,4.030784837642045,2.868033148787792,3.4850227355555567,1.6671214466973276,2.006896337506345
Prince George Jail,2014,2.465500604905798,4.085925625846413,1.093708647437107,1.7407878311659388,1.4206745168656338,1.7951570599505493,1.9077779649873254,3.444804600868826,4.320067067824125,2.917726781659461,2.827290128698832,2.2602440434831457
Prince George Jail,2015,2.9172830140646973,5.908424761557118,4.968272280019716,2.551711433154068,3.082154661495058,2.0543019298535885,1.3928560664830507,2.1026285296610197,1.9489227201166182,2.460268059154928,2.046197860775182,5.307723858353036
Prince George Jail,2016,3.5230832464400574,5.610099852114404,4.634607786447108,1.280531804629738,1.4426570138994335,1.3673482583823517,0.9560568458698724,1.3545975029336164,1.567876251388322,4.636748161544679,2.376238109328466,2.6881896401883285
Prince George Jail,2017,4.713615570590421,4.691443389976599,3.227319651273727,4.940030815152837,1.9652097356159384,2.5904153790086726,1.3460701641873247,3.3563126459739574,2.565884110743106,3.2810093884760576,6.981016841252186,6.58386405894258
Prince George Jail,2018,15.10460893693208,7.108637868642033,4.759483971062984,4.248866060240159,1.1229334032601288,0.5780272702760869,1.252083567061885,1.494259613152113,1.5993776685799113,2.189231655659433,1.4750472929389544,1.2019550904956584
Prince George Jail,2019,,,,,,,,,,,,
Prince George Lakewood,2009,0.6435211267605635,0.6886469673405912,0.2589887640449438,0.2189228529839883,0.22390998593530237,0.2691520467836257,0.1729957805907173,0.19690576652601968,0.7369186046511628,0.1279887482419128,0.25726744186046513,1.3991537376586742
Prince George Lakewood,2010,1.3932583988764045,1.5816483670295491,0.3492957746478873,0.1092896174863388,0.1447178002894356,0.085383502170767,0.17231638418079095,0.16713483146067415,0.1686046511627907,0.19464033850493653,0.6023391812865497,1.1575246132208157
Prince George Lakewood,2011,0.34177215189873417,0.6734059097978227,0.5147679324894515,0.0188953488372093,0.07627118644067797,0.018867924528301886,0.10126582278481013,0.14386459802538787,0.32122093023255816,0.601103644149788,0.299247942029047,0.5171139379250352
Prince George Lakewood,2012,0.4509528919744629,0.9107946781954918,0.2558105065009449,0.3269649209793413,0.23108528537675777,0.24270797228432842,0.24905860579477404,0.4404569825237623,0.3409041157104071,0.5082040014164303,0.8155679525298497,0.8451690346910125
Prince George Lakewood,2013,1.7556721765536727,0.24791002896940414,0.5560274179104477,0.319675851612903,0.32415603212799987,0.3142477904618768,0.24232984019769377,0.5843984802650072,0.5232804527699388,1.3516480306122451,1.035180316231617,0.8656822883531076
Prince George Lakewood,2014,1.365562557466145,1.4024779010272876,0.2747043126507246,0.5268433221575402,0.3694663947801421,0.2981997247673047,0.37588768650070686,0.6980683817554891,1.0596072867466864,0.41548679036210573,1.368264929544785,1.5515434619718331
Prince George Lakewood,2015,1.134638303776682,2.019625224908688,0.9349177758353175,0.3934908924549945,0.42252382967032953,0.3546583561936558,0.3002619683380282,0.35655097996319346,0.4304383988355165,0.7502700140594057,1.0001491366248176,1.4090372137570624
Prince George Lakewood,2016,2.0525383506214676,1.426855298174962,1.342115809859153,0.7625952609329455,0.7313366463932112,0.4444537288629738,0.19995578443136633,0.30449301967696674,0.40267703812316735,0.661193633762518,0.7971892704723357,0.9186025479102389
Prince George Lakewood,2017,1.6953098299012697,0.8942742293680879,0.7966085358649785,0.3258828483483483,0.4651792808022924,0.7728046690751453,0.45424560169230677,0.6808637328348078,1.048861486775184,0.4149044733904496,1.2635739882848844,1.6860554955063738
Prince George Lakewood,2018,6.3639531460882015,1.5940374635658923,0.8192231985074632,0.6639740476331352,0.6766888710860361,0.5076874051020414,0.4753526984463278,0.5295314285997171,0.5391745621075272,0.8242552398868455,0.6992556011353704,0.8525485320728281
Prince George Lakewood,2019,,,,,,,,,,,,
Prince George Plaza 400,2009,1.1174647887323947,1.6923676012461062,0.7824191279887485,1.193613933236575,1.0692415730337081,1.5442335766423354,1.867566613220815,1.2517534920886078,2.9647114767315665,1.1999385594028187,0.9819374958677679,3.148165951032404
Prince George Plaza 400,2010,4.518821509235298,3.3879811357753513,1.4862722703394635,0.9654409621775832,1.336494632401698,1.1129728870967748,1.6030202231638409,2.174282065922427,2.028883186975182,1.5664882220806904,1.9771283149685148,4.228640464705881
Prince George Plaza 400,2011,1.692819326988891,1.67305901117372,2.3273819394977346,0.5870150399835385,0.8240422811152183,0.7065657123970831,0.6196759010473455,1.0230889255214912,1.4639806240059257,1.6202117266544434,0.8836067006962025,1.5008576878434412
Prince George Plaza 400,2012,1.3230449971983125,4.067868785204242,1.2574926402564144,1.3018551063526622,1.0367058200171635,1.0259104319334362,1.6609060037605636,4.476046530568152,2.5173603352667646,2.891469860527069,3.851540998481754,2.667314475327222
Prince George Plaza 400,2013,3.4251762509957575,1.039833219521944,2.5979551743997162,1.552392968289473,0.16555763157894735,2.9393091212121214,1.4922378222849075,3.4480657771468923,2.4806043313783017,3.5928068993920452,2.3258845663543206,2.0395637921596053
Prince George Plaza 400,2014,3.611700791357847,4.7067334232754305,1.5274324147826703,1.6884350815470586,1.2461280017048695,1.587379941455695,1.758712268776521,3.6894830037889537,4.086796203260236,3.156839114797102,2.128909680586514,2.3035441013046545
Prince George Plaza 400,2015,2.1332383911693498,5.030992888335957,3.5368310756425534,1.9892475626822181,1.9546206216000002,1.3713463064919353,0.8934142291059749,1.8362398966839693,1.227016752001579,1.1965153637190082,1.5045751824017464,3.055943604060253
Prince George Plaza 400,2016,3.794695522479128,4.675485680817607,3.2981860518207333,1.143380764450868,1.158158183161004,0.9318305965166911,0.8356788053221283,0.889911111888112,0.17072301597014922,,0.03975000333333334,1.4480422207383774
Prince George Plaza 400,2017,3.9873131448373376,2.70384721395349,2.179074075443787,2.307954227405249,1.9522182137834025,2.04305803407681,1.271003974789917,2.9867509229208915,,,,
Prince George Plaza 400,2018,10.902194993788836,3.598236701937404,2.6864603289612123,1.8352214671403786,0.7191647554928899,0.7442239202337453,0.8761667336153383,1.0551070873311563,0.8914393859940668,1.7008899666487942,1.3162253166176459,0.9048049237794407
Prince George Plaza 400,2019,0.245979,,,,,,,,,,,
Quadra Island Cape Mudge Village,2009,0.10608203677510608,0.12461059190031153,0.12181303116147309,0.02894356005788712,0.06346967559943582,0.0,0.1604841060238095,0.2895988777156109,0.1778308285255577,,,
Quesnel Maple Drive,2009,0.09591549295774647,0.23782945736434105,0.06346967559943582,0.10072992700729927,0.2757746478873239,0.1142433234421365,0.7213134054816389,0.7436934339044938,0.48336707188049827,0.3060007129233895,0.5886830330756772,1.753219388914893
Quesnel Maple Drive,2010,0.857412679869014,0.7222743409722223,0.48837214993853423,,0.4878522589068223,0.5199750641718291,0.603737529462185,0.6925892221816903,0.6988304092251462,0.7776421313997209,0.5295945731699568,0.4205217606047821
Quesnel Maple Drive,2011,0.302684,,,,,,,,0.8236810426196496,0.8586744137447395,0.6633566456808205,0.5743556821209568
Quesnel Maple Drive,2012,0.2944410434441316,0.739190966330376,0.6754932527873417,0.4876299319826338,0.557255820224719,0.7152729321654466,0.774432671732493,0.8726947854327731,0.911694330861718,0.815733543660589,1.0740557034883726,1.0416525224089648
Quesnel Maple Drive,2013,0.9434872640901784,1.0341326418604637,0.6870091975350138,0.7403641377664237,0.5428145133614628,0.45889556791907554,0.8587786500140842,1.0296925260504193,0.49249767133333344,0.5902819697021274,0.6931686007621954,0.917785740168539
Quesnel Maple Drive,2014,0.812636979775911,1.0953444891317832,0.6575849771388504,0.7375533148502917,0.6923335666199161,0.6188133820549924,1.1725921136605901,1.8004305550847497,0.7989332655465112,0.5389706961204481,0.9750200793144919,0.7179804854100728
Quesnel Maple Drive,2015,0.8116968056447557,1.3642799448527145,0.8803082969187669,0.6553857223837201,0.9379869270042186,0.929023975137483,1.2352399477165241,1.604463981838709,,,,
Quesnel Senior Secondary,2009,0.01977401129943503,0.06697819314641744,0.01267605633802817,0.03806734992679356,0.0379746835443038,0.20571847507331376,0.48525807022524015,0.34452640547112495,0.43220112173913017,0.4544239824073552,0.4624015647119883,0.5428003123682679
Quesnel Senior Secondary,2010,0.5508244999435821,0.6498643008437506,0.5725448441364295,0.6347798864260995,0.4478289371294644,0.471452724702381,0.8336790564174897,1.258253741573034,0.7484323193033388,0.8779095907172989,0.8419227130307471,0.6226599473519742
Quesnel Senior Secondary,2011,0.27612574800674144,0.30914080974111086,0.4159015169225809,,0.307709883775,0.5053587521603775,0.442663508142038,0.6975114446800006,0.6302237917696963,0.599796766782161,0.7957029604882154,0.7353576474114194
Quesnel Senior Secondary,2012,0.4992311169024047,0.8108385159398508,0.8292763129320112,0.8007996652058825,0.7518628540702776,0.8771234430804249,0.8241001249573873,0.7638705172063034,0.7736545000889203,0.561077547584703,0.5349919620253165,
Quesnel Senior Secondary,2013,,0.38518075267515905,0.48725405225988705,0.622348592882736,0.5413295489197081,0.9201815599415213,0.8916397452415823,1.0680781306179785,0.8015630016110306,0.7059959026441635,0.5143602894897359,0.47145388700564966
Quesnel Senior Secondary,2014,0.5904554185393254,0.7693191150855359,0.7829985443037972,0.7836426841339158,0.6581917171381569,0.6725773707641197,0.88104250956894,1.4744715821311476,,,,0.2916562447552449
Quesnel Senior Secondary,2015,0.3295142374851138,0.5381555446240253,0.24857620361402022,0.36878539948529376,0.6097305673267327,0.6235906749414959,0.9012116032293459,0.8210475422253927,0.5564221921950147,0.8529363856680738,0.500351941875,0.5607738088691984
Quesnel Senior Secondary,2016,0.5492248722925449,0.5012990744744743,0.3885287629213486,0.5521404715474448,0.5282252925547446,0.8834910555555554,1.2979897233146065,1.4452838382978734,0.568188987002924,0.5669156026713287,0.6270177402955663,0.3467197393296178
Quesnel Senior Secondary,2017,0.5446458779255623,0.36776554782015547,0.4893397650209786,0.20692787943370786,,0.6865775776143146,0.6483087843076926,1.414673158456461,0.5869944135871197,0.19912007957882186,0.26406986146924166,0.24130603621076935
Quesnel Senior Secondary,2018,0.38301754198697485,0.3746968852573644,0.36993894750602224,0.20961486483918146,0.3140941223628692,0.2977324976801733,0.5355228260969104,0.6731273505602243,0.28024648678350217,0.21438238670641926,0.28726934883720934,0.3016611414565826
Quesnel Senior Secondary,2019,0.1975,,,,,,,,,,,
Robson,2009,0.22603719599427755,0.14368174726989077,0.1767180925666199,0.2813682678311499,0.37313642756680726,0.2894356005788712,1.004135204551135,0.9581363277310934,0.8605222107558139,0.7793044143258432,0.8834316011560707,0.815437194950912
Robson,2010,0.4773386345834269,0.3770469007634945,0.4306199963646066,0.7973179017082724,0.47709278044257764,0.37734284822608705,0.725209745098039,1.1332126423141653,0.92403050690566,0.7632710575350132,0.3507254292374814,0.3827062183347395
Robson,2011,0.19259400000000002,0.5060045,0.3575987310814519,,,,0.4315132949740908,1.1932884819868335,1.0063054138186378,,0.34854070660522174,0.34677871148459305
Robson,2012,0.37234042553191504,0.2,,,,,,,,,,
Robson,2013,,,,,,,,0.7618731305966812,0.8664676318427956,0.34359361231708696,0.3742475267539391,0.3108741747023977
Robson,2014,0.4239829607843131,0.46324857680250814,0.6576533352033664,0.8320840564399423,0.6661969273624827,0.7441460872648337,1.0241986293952179,0.8341771909243701,0.6514742944331395,0.4269468558179272,0.4733815370231212,0.316933696235795
Robson,2015,0.34146920711079903,0.709360251869159,0.861933771934174,0.43711896218328467,0.49738451788184335,0.5826671803493451,0.6709304754698454,0.8095588138363891,0.5249097510917027,0.514782462184874,0.4651855701881331,0.4506023820224711
Robson,2016,0.3180140139860137,0.8229774058861602,0.9008509495798316,1.3975790738060792,0.4284896453543419,0.8744399473684202,0.9797176511299432,0.9379882698412703,0.500049470959302,0.507859867441958,0.3025813365875542,0.3463423749811642
Robson,2017,0.23489419264663883,0.44614852703410846,0.4201260896943664,0.31611571171866826,0.4296199723197185,0.41539200290697625,0.4062509474431817,0.6423741759103638,0.44848115897664215,0.18897691714285725,0.16405193231971016,0.1706920519546743
Robson,2018,0.20613879488412926,0.2432680673675465,0.23184737498087205,0.3092151133720932,0.41553664155231423,0.3512751189793511,0.3309095094964936,0.5669444726128857,0.30321889311814215,0.2681120162745103,0.22476785774732252,0.19982336007725976
Robson,2019,-0.03274,,,,,,,,,,,
Rolla 213 Road,2016,0.6106030533333335,0.5089464954954954,0.13332753063829791,0.17981162196261652,0.22693704796163067,0.34643793481012686,0.2000247338935571,0.3620149733893556,0.25167605426917516,0.4131398549650348,0.5242489458635702,0.43719041736694686
Rolla 213 Road,2017,0.5210775711484593,0.5376228608763698,0.3025744825347759,0.4163666751085383,0.33001756776978375,0.2988566379765398,0.17062759801699726,0.2209425761194022,0.263953169051095,0.20247691476793261,0.2047189204111601,
Rolla MAML,2010,,,,,,,0.3125079249262295,0.44020459926356587,,,,
Scottys Marina,2009,0.4288732394366198,0.21355140186915886,0.13767507002801121,0.2947750362844702,0.6203081232492997,0.406821480406386,1.4051824653448275,,,0.5822330286406608,1.5885164478260885,0.6335288268175069
Scottys Marina,2010,0.4425837432210083,0.4384402279719624,0.8996957141586637,0.6797662893265894,0.7573299223474501,0.6854990349971061,1.44267841092827,1.8865958673352052,0.8653870973128208,1.037046172403781,0.5546549433429812,0.6300005815603931
Scottys Marina,2011,1.2689212026363637,0.7640154410872275,0.7300652222306606,0.41329174161794496,0.5774022311406466,0.7321724777681624,0.9867810826524009,1.855246218432585,2.5045593875832113,1.2159909955494381,0.6228490646220933,0.7480963243515405
Scottys Marina,2012,0.6309666476774121,0.5843814809072077,1.0589979028279717,0.7873629797717123,,,,1.2428421845807553,2.4401360056599106,1.083050631952381,0.8569718906180237,0.6511403539152539
Scottys Marina,2013,1.500560550735211,0.7361479767080735,0.9584121530064611,0.7994826210775503,0.5900537608671336,0.9123407267412784,0.9820551420196635,1.321938010015714,1.1134924719471946,0.652296526633333,0.7272565914600572,1.1552952891067412
Scottys Marina,2014,1.2144851778711492,0.8591265982731549,1.5621492075218626,0.9121073950795943,0.6234356974639318,1.0031534703328495,1.3731540437096776,1.8358624481792711,1.2965600375312036,1.1686745340336149,0.4568966135158962,0.22077956249999997
Scottys Marina,2015,,0.1865301818181818,1.309579317142689,0.44696201455152407,0.37120354093258395,0.5863730694223827,0.9078847298033719,1.701320427769984,0.7706903350290703,0.9095698753501401,0.5724322257597692,0.8237885527426146
Scottys Marina,2016,0.7459357020979025,1.4936937864661664,1.2577036988795505,1.2857823835021716,0.9645966175315567,0.8190998284883708,0.5965418095909729,0.5884401504922637,0.6637319760522492,0.7399627106293704,0.7061212387843706,0.7396250622535213
Scottys Marina,2017,0.47374144537436946,0.7034821791130244,0.6700134447921349,0.688158979651164,0.6448213147316373,0.6729215574949197,1.1423296303648391,1.0024765412195948,0.9394230331762117,0.5131588042773113,0.37431403020898574,0.20070693984978896
Scottys Marina,2018,0.545623971912676,0.30999950967550394,0.4238647134367976,0.5029523430435413,0.7281011281692302,0.6224546962279065,0.6195354969977586,0.9089865848836143,0.4680283314597315,0.4743241137268909,0.5169867244868992,0.6740638449365675
Scottys Marina,2019,0.445712,,,,,,,,,,,
Skookumchuck Farstad Way,2011,,,,,,,,5.289411833944956,1.2889678392070485,2.228558652523875,1.6996707938659066,1.6761650252732243
Skookumchuck Farstad Way,2012,1.7966702972144843,1.9495474468208078,1.0573249962290496,1.3557751998597478,1.4082291161684781,0.9215399608203682,0.9035663568994885,1.679990801108034,1.4722676152011922,1.241455604353933,1.1028371769354839,1.0532000847945202
Skookumchuck Farstad Way,2013,0.48771000000000003,,,,,,1.404164959400544,2.179349516598079,0.9496807388036818,1.1425042670344832,0.5770105977110155,0.7616779627235212
Skookumchuck Farstad Way,2014,3.91111,,,,,,,,,,,
Squamish Elementary,2015,,,,,,,,,,,,0.7337863268608413
Squamish Elementary,2016,0.6631979962264151,0.6315393431516927,0.17903173747454176,0.16059563126843682,0.14113020451339922,0.14286749421128797,0.1797734453781513,0.21762055915492964,0.11518203235294108,0.1637944711673698,0.20684432323232338,0.31240012208157497
Squamish Elementary,2017,0.4254468613445381,0.42339706531881827,0.32838334873949604,0.325633025974026,,,,,,,,
Squamish Elementary,2018,,,,,,,,,,,,
Squamish Gov't Bldg,2009,,,,,,,,0.5107789145658268,0.7392359493487699,0.2546194610849849,0.36824794492753604,0.4384906752461321
Squamish Gov't Bldg,2010,0.4111660894886361,0.48353209148264975,0.41901594781382223,0.36421454824561394,0.36024039321074963,0.424174253991291,0.42674048022598843,0.41557587306064836,0.3232777398255817,0.3187511575246129,0.42316255636896033,0.4622281887323946
Squamish Gov't Bldg,2011,0.526471869872702,0.5618432488335923,0.5004149212376935,0.5067260362844701,0.48801186357243365,0.40624796911764693,0.3547538401697313,0.3426574880450067,0.3429984693877556,0.3097336981664312,0.4464180625909751,0.5025541910112358
Squamish Gov't Bldg,2012,0.5818103370786513,0.5528347147192717,0.5477905394548059,0.5176999634502917,0.5252272253521121,0.5418684141252003,0.6000225944170772,0.5794974456981665,0.5684429317851958,0.5806225805084743,0.6105147932692309,0.6837267429775282
Squamish Gov't Bldg,2013,0.2381227076239167,0.7470215286031748,0.5976467049861499,0.5306374705882354,0.40547149232914914,0.3998470349650349,0.23802586836027734,0.45901916814159316,0.46530169057665227,0.5361294368279566,0.527633948033707,0.47416442663043484
Squamish Gov't Bldg,2014,0.540028849389417,0.4212312446776609,0.43162067878378363,0.42643510586552236,0.41229240735694794,0.4354184783236989,0.4692983216763009,0.48055775948509516,0.43716876643356645,0.4127366776406029,0.2067033730721004,
Squamish Gov't Bldg,2015,,0.3052488568814433,0.3135331909286682,0.26566062650349637,0.23474146931174095,0.23132834429166688,0.26518257299458015,0.5120671117092874,0.4597061750700276,0.524885012096774,0.6156679263888889,0.5726754891640865
Taylor Lone Wolf Golf Course,2016,1.6779590352941183,1.712867100000002,0.7845574187675066,0.5044212670537009,0.694583925445705,0.45435111185308846,0.5504239761904756,0.5774991176470585,0.6851509159292035,1.1708914687045129,2.772497866279068,1.1587630279329606
Taylor Lone Wolf Golf Course,2017,1.3590773536211695,0.8890655194871796,0.6477061822033895,0.5353984587554272,0.8414978450704222,0.49509344230769203,0.5442551912106137,0.8517723973988431,0.9102189712209298,0.4353536879213488,0.34306585962373376,1.4267726894514763
Taylor Lone Wolf Golf Course,2018,2.795809058823532,0.7812773984496126,0.3353296442307692,,,,,,,,,
Taylor South Hill,2013,,,,,,,,,,,,0.07587804261704177
Taylor South Hill,2014,0.1390781297742211,0.14578604235046713,0.1686696353528407,0.11613206700031983,0.11490361624649859,0.13716746398486176,0.15341181287018282,0.20511584180790968,0.3588899094890512,0.3073625140845068,0.22588738333817107,0.39711079467787136
Taylor South Hill,2015,0.28413148942657324,0.13022506570046866,0.20186278574229682,0.19933065797671048,0.15684933762485878,0.13870405994294016,0.16491533346099296,0.21084676871327682,0.35549808376989894,0.4003706597294625,0.3257703460482234,0.14250802255218614
Taylor South Hill,2016,0.08412774632142454,0.13366020092771083,0.0817895422742253,0.16829379992366425,0.1384846170478873,0.18586306627393226,0.143548556338028,0.20098199019746135,0.11605009076169577,0.194473590730659,0.14441596223586003,0.10511520160758436
Taylor South Hill,2017,0.05729677151912554,0.20879549068322997,0.07499516342135779,0.055957270569387756,0.12721633566624307,0.12148962741935951,0.1276103184049296,-0.006084938028169011,0.08018376734104053,0.060887266176657066,0.1328558116096211,0.22552628593794063
Taylor South Hill,2018,0.17986942940436612,0.03274246906687401,0.14325346532016808,0.13852594161519535,0.10299167482369537,0.013691661215650873,0.0677285643102963,-0.01985682651622004,0.06713211503114996,0.09600981640786507,0.07659148010520239,0.07254768036732395
Taylor South Hill,2019,0.01022899,,,,,,,,,,,
Taylor Townsite,2009,1.0127840909090908,1.8015503875968992,0.615819209039548,0.41128349788434415,0.33453038674033153,0.2988857938718663,0.6801412997375348,0.9867772443181824,1.272270495626822,1.1835883755274266,2.2131506200508713,1.3759422178014176
Taylor Townsite,2010,1.0492477171469747,5.083800521126761,2.810357381895333,1.132287502170767,1.0318486920903962,1.034366039073806,0.4076955056315122,0.5487909096932772,0.76170504674385,0.8725399030028324,0.7307644084380176,0.2610215144333331
Taylor Townsite,2011,0.5019326936427572,0.39297950343213706,0.31984669804195814,0.22243200144717779,0.39819892837078663,0.5475212575976841,0.4740803375350136,0.799199997941258,0.9094086714741944,0.850855496124031,,2.066105753462932
Taylor Townsite,2012,1.7392248843658178,3.145841499755701,1.223098241233661,0.7293488824715331,0.4711192583500853,0.42131413229483855,0.568069551940894,2.535323180555554,2.9943838801882374,1.2639920758591552,1.7996570457680745,4.636612712767503
Taylor Townsite,2013,0.0,0.9682316538461537,0.878634574145774,0.3870276641091705,0.78672630224332,0.2698726681976575,0.3492764472573837,0.5745562529237285,0.5419006037142856,0.6497396349206348,3.2749904814000006,0.5673440353221287
Taylor Townsite,2014,2.894659642333723,0.7883631266542899,0.8593978092077735,1.2272663911590387,0.4125262532215909,0.31021161956977433,0.42116585754172536,0.36209455976294236,0.3757287866846938,0.5969818065616246,0.5165619970894423,2.0826424138991495
Taylor Townsite,2015,1.5159090239591542,2.439596459566072,1.2027843014354056,0.3888360465174929,0.7845701664149153,0.21397440496069897,0.19975703468321546,0.114967195520792,0.20113555312772127,1.4501240367231634,1.0870168787656478,0.5388762662905504
Taylor Townsite,2016,0.8348584344146689,1.267710749622926,0.47275950994683574,0.25285756419926914,0.25295435492957746,0.32952690816326485,0.43671440056417465,0.2994462452340429,0.384015305074779,0.8207865030397461,2.1620079913472274,1.1476544490183351
Taylor Townsite,2017,1.2657393549163833,0.7375084723538711,0.755811977369166,0.5231607604518949,0.6174503518696889,0.24610562228908525,0.34946559064042243,0.6149816173020519,0.5016509009422492,0.43461171656584646,0.25751851217677785,1.5009925703319251
Taylor Townsite,2018,2.465384643322082,0.5342057236010902,2.2200607421676044,0.8268697183082852,0.3269196897187064,0.20313080337706815,0.17536259596375192,0.18972839166760164,0.3772243980569045,0.36157497233422187,0.4576652859609263,0.3629468421763047
Taylor Townsite,2019,0.260498,,,,,,,,,,,
Tomslake 197 Rd East,2014,0.7692109380804956,0.45028056666666705,0.30032923782991183,0.42517392148148164,0.41396721753048765,0.39214183181102286,0.1832905423076924,0.35710510730253364,0.38359648911222816,0.4583206631975866,0.18998943838383833,0.15616198464849343
Tomslake 197 Rd East,2015,0.22942606176470554,0.25847275157894745,0.278525580952381,0.3442180642857145,0.43703813304093575,0.617631471186441,0.2815629011744965,0.24511362266857953,0.5567130361794504,0.5745240522727274,0.17527310985294126,
Tomslake MAML,2010,,,,,0.46417483280794686,0.3727931699509203,,,,,,
