EMS_ID,201001,201002,201003,201004,201005,201006,201007,201008,201009,201010,201011,201012,201101,201102,201103,201104,201105,201106,201107,201108,201109,201110,201111,201112,201201,201202,201203,201204,201205,201206,201207,201208,201209,201210,201211,201212,201301,201302,201303,201304,201305,201306,201307,201308,201309,201310,201311,201312,201401,201402,201403,201404,201405,201406,201407,201408,201409,201410,201411,201412,201501,201502,201503,201504,201505,201506,201507,201508,201509,201510,201511,201512,201601,201602,201603,201604,201605,201606,201607,201608,201609,201610,201611,201612,201701,201702,201703,201704,201705,201706,201707,201708,201709,201710,201711,201712,201801,201802,201803,201804,201805,201806,201807,201808,201809,201810,201811,201812,201901,201902,201903,201904,201905,201906,201907,201908,201909,201910,201911,201912,202001,202002,202003,202004,202005,202006,202007,202008,202009,202010,202011,202012,202101,202102,202103,202104,202105,202106,202107,202108,202109,202110,202111,202112,202201,202202,202203,202204,202205,202206
0310162,0.32925517241379365,0.3174810318664643,0.26990397805212585,0.23235042735042688,0.22087694483734044,0.1829000000000001,0.23089163237311386,0.2464526484751199,0.22541725601131526,0.2865090403337964,0.2692216582064296,0.30986357435197737,0.3361760660247591,0.28140600315955744,0.23502824858757046,0.22264788732394325,0.21440329218106985,0.19439436619718323,0.2044368131868129,0.21705320600272834,0.2813700564971751,0.25915184678522557,0.28608510638297846,0.3492643051771112,0.2867530695770799,0.29701166180757965,0.23764137931034474,0.23723011363636282,0.23992277992278,0.18857752489331447,0.224209809264305,0.28282967032966977,0.31407616361071944,0.25876731301939054,0.27502816901408444,0.2511989100817439,0.35615595075239376,0.2656666666666667,0.24105022831050255,0.2085905044510385,0.21046920821114357,0.2086255924170618,0.20298772169167775,0.22780521262002712,0.24581690140845022,0.2859422283356257,0.3127350427350426,0.31442465753424675,0.34696185286103565,0.2710876132930513,0.22456824512534754,0.21142045454545427,0.2039148351648356,0.19321579689703824,0.24837241379310301,0.2677874818049489,0.2737407952871867,0.2319562243502054,0.32930099857346634,0.36846153846153823,0.363586378779473,0.28742333792048913,0.26690851172413776,0.23709442653352353,0.2427451956224349,0.23197688401697328,0.27240450656634746,0.25572470044709383,0.23865926512968288,0.2929076002766254,0.3622613947592066,0.2728886262295084,0.35902607923497276,0.297974497810219,0.24033458960328302,0.25876094350282486,0.21808133628922247,0.20922741657223792,0.20734285811732595,0.24666296268861462,0.218054981690141,0.2599373334745764,0.23187335390070876,0.3607075508333331,0.3815922865761686,0.3135800912576684,0.22994523698630132,0.20658633244005636,0.2351553067510551,0.2052835717514124,0.20505561491108076,0.3536675980795608,0.31957832702702726,0.28661233084370685,0.23087538504936544,0.3461503120833332,0.2707038763265305,0.2641342727952166,0.26042084131897764,0.21472024208144788,0.211684188984263,0.1856401240601505,0.2311535453769558,0.33134727570224765,0.20662371627906953,0.2799887089887642,0.26914791892285284,0.2610251591865359,0.2994778618513322,0.26981701119751134,0.24925626037195975,0.2030568538461536,0.19842965694249626,0.16752730453216358,0.21846577429378544,0.2723739930888577,0.24387329114658912,0.28138011457489887,0.3277795516129031,0.2868136617765811,0.23494946137281264,0.24482642873563223,0.22561168986301372,0.18164776095505622,0.18936470215924436,0.175291680952381,0.21151268846675686,0.21902947845528434,0.4925963110335195,0.25433705309973037,0.23887945257301813,0.2552095771545826,0.2382068323450134,0.22489734636363645,0.23108411422708602,0.22235596039051603,0.20043490967302463,0.2065879293663058,0.2033444123268699,0.2762263262585034,0.25014978678720434,0.2673759881081081,0.22405376843575397,0.2579000199192464,0.27822877675675683,0.2514789628912073,0.18877185774853814,0.15860192921348312,0.1525932974427995,0.13449610552147245
0310174,0.3501151079136691,0.3469157392686807,0.2688950276243096,0.24352112676056312,0.24673575129533704,,,,,,,,,,,,,,,0.2176153846153846,0.2171267605633803,0.22548830811554327,0.2288399412628486,0.3013013698630137,0.26405479452054753,0.2897956204379558,0.2571230982019361,0.23522727272727242,0.22360163710777595,0.2045698166431594,0.20383297644539647,0.2479098360655733,0.3026874115983029,0.26827868852458986,0.2675999999999999,0.23717213114754057,0.3187260273972602,0.25231117824773414,0.24110041265474552,0.2253596614950635,0.22236338797814187,0.20823529411764743,0.1971033478893742,0.21832425068119876,0.2472676056338028,0.2876553672316382,0.3128672316384179,0.27422343324250703,0.349590163934426,0.277258805513017,0.2576203576341128,0.24547517730496413,0.22165151515151524,0.20703349282296674,0.28968363136176056,0.3341961852861033,0.413647887323944,0.3870435967302454,0.4272778561354025,0.4225718194254456,0.3646237704918029,0.3145654464555051,0.3616367972602738,0.3267505270700638,0.2563887944444443,0.2794740149456521,0.2897905127423823,0.26437699574468093,0.3649505467889912,0.44682476612021893,0.35731008194640346,0.29746950544959117,0.36339292087312397,0.3372588833819239,0.2886906448559672,0.3003366115666175,0.30275370204359675,0.27693080718309865,0.2133234905866302,0.2517978147540985,0.2588785401974613,0.3126774894808744,0.34004203218884116,0.3689521755129962,0.3710948104022187,0.3634888565809384,0.3221682554298643,0.286652415936255,0.39470345491803294,0.3001328062322946,0.2453547528432734,0.34811358281036886,0.29853550282087477,0.28149333315068464,0.2662354759887008,0.3861999897820163,0.3240409374663074,0.2718507463046755,0.22585994447513807,0.23898426619718324,0.22846484561891536,0.20779786215083831,0.2302280880215342,0.3653277290713327,0.2689364374301678,0.32651766110325336,0.3044685804166667,0.27412225916442046,0.3355463230148046,0.35252204835329337,0.28878877741496617,0.2358986435326845,0.22639761148648632,0.20019812520891395,0.2132454535040433,0.2528862297640652,,,0.29990114085106384,0.252342580601093,0.21513434919137445,0.2276140924963927,0.1954169971774197,0.16177742141863702,0.15320877959459459,0.14928707218358836,0.15668683441295542,0.17239330161725053,0.41922054134078246,0.22995009932432406,0.22312820042372897,0.2444020718328841,0.22860896285329735,0.23549011832061081,0.20883174360795473,0.19747312411347503,0.1293949626027397,0.14215129828080236,0.1390485425444596,0.20978317061994603,0.22542438702928871,0.21826039621621615,0.21390802443820242,0.2314309768194072,0.22318056202702688,0.2415039161919041,0.2146595353099729,0.2041301304347826,0.22161770191518484,0.1999351334365324
0310177,0.2824246575342465,0.27875569044006054,0.2432324621733153,0.21968970380818037,0.1958274398868458,0.1852144082332764,0.18252400548696882,0.21177595628415286,0.1961636107193231,0.22262002743484166,0.21680515759312308,0.2228103683492492,0.23851955307262565,0.23703479576399408,0.21818057455540327,0.21022535211267604,0.20969696969696972,0.18081690140845094,0.16012396694214906,0.17695770804911337,0.19934497816593902,0.20748618784530395,0.21283880171183997,0.2465211459754425,0.2155464480874313,0.2287591240875911,0.20405555555555568,0.2008640226628897,0.18703856749311285,0.16077683615819244,0.1895020746887967,0.2104113475177303,0.25409733124018785,0.21322766570605206,0.22275423728813573,0.2115819209039548,0.2870422535211263,0.23242902208201896,0.21196378830083534,0.1946799431009958,0.1860204081632658,0.16078796561604589,0.16605263157894765,0.16784153005464494,0.1948923959827835,0.24343922651933678,0.23876944837340902,0.24137978142076486,0.27938692098092666,0.2311773700305812,0.20318306010928952,0.18536273115220508,0.18039381153305242,0.16035460992907832,0.1592237442922374,0.20251724137931043,0.19424541607898466,0.18993178717598933,0.2210999999999996,0.2473734610123113,0.26241805221606646,0.2200007837104072,0.21788063751705336,0.21122827249283677,0.20573668840382014,0.176321586581921,0.20282348995815913,0.18869768323353328,0.1858764991316935,0.24507945879945436,0.24287504203102994,0.22268242909836083,0.27058492633015013,0.236650816058394,0.20906012960339942,0.215548208462623,0.18720518855585808,0.17200514571428552,0.1615789212824011,0.1846720317438692,0.18318661600566574,0.1933930855570838,0.1952162623413259,0.2596985628531077,0.270516307260274,0.271695396289425,0.20542184318507897,0.18137715067466273,0.13771904125683052,0.12254350874471082,0.11355788628257879,0.2016646497953613,0.17339672764456998,0.15857773942701228,0.15677253143254516,0.22145067581521746,0.18274140162822242,0.15973384515151512,0.16354782503364743,0.14398431472222234,0.14057601816958257,0.11050496931659691,0.15162353506891255,0.2559870824797845,0.15828041922005578,0.187868945356662,0.1507649666666668,,,0.22751721370192304,0.20644106993197298,0.19005673141654994,0.18091448463611848,0.14550547132867148,0.15059838606224613,0.18984752462787563,0.173001844273743,0.18314130471698126,0.22295582276536308,0.2026818417344175,0.1625520783310903,0.1851827189928056,0.17398620269905535,0.16588230807799437,0.15371775756756775,0.14170774470752093,0.15666344966170506,0.1827956009446694,0.44301833598326384,0.21139389332425074,0.1770503048951048,0.1908878880450071,0.19202846336499338,0.1968483862354893,,,,,,,,,,,,,,,,
0310179,0.2660085836909869,0.24727272727272667,0.19745152354570614,0.19634423897581804,0.1698630136986303,0.14925246826516245,0.16011544011544024,0.19744089012517407,0.16823695345557124,0.19199999999999987,0.184256259204713,0.17422377622377624,0.19191256830601075,0.1838015267175574,0.1631276297335205,0.15528571428571455,0.15384508990318113,0.13322489391796327,0.11728275862068974,0.1247040498442368,0.13801418439716284,0.14882434301521447,0.14504708097928445,0.17206896551724116,0.1830524861878455,0.19367952522255238,0.16864902506963791,0.16206258890469438,0.1494206896551725,0.1314060258249641,0.15070637119113559,0.17905219780219772,0.20257309941520463,0.17919889502762443,0.18014224751066865,0.17008230452674894,0.23454293628808767,0.19367781155015235,0.17317808219178096,0.15567528735632194,0.15244505494505492,0.1365112994350285,0.13304827586206894,0.13865384615384616,0.16226628895184125,0.18878437047756877,0.20214793741109544,0.20088919288645682,0.24996978851963744,0.21089123867069506,0.18449035812672207,0.17000000000000046,0.1561683599419452,0.13792957746478873,0.15430536451169202,0.18259208731241477,0.19005657708628015,0.17368794326241155,0.20431593794076144,0.22600000000000015,0.2272251471801927,0.19548012824427488,0.18438706456241033,0.1578587588152326,0.15773821262002727,0.13226252556818172,0.1800883566552901,0.18397268497109837,0.16512041014492757,0.21459824687933438,0.22751416358463716,0.20516235382513645,0.24561565803814706,0.22463428508771935,0.21116749755301817,0.1905182073529411,0.15504538797814224,0.1505029390070922,0.14945953342428367,0.18162121038251347,0.19801364192634546,0.2000390135174418,0.204565244851904,0.26153057609289604,0.2785000134909595,0.24690978140243883,0.18376037343324272,0.16166128124118492,0.18754129321357288,0.125268590832158,0.13085555293315143,0.23416474701492554,0.21091480581560276,0.17799226762295073,0.1955156564648118,0.27711350229419696,0.2486433024725274,0.22737514662576663,0.22777031191135724,0.19790649540389949,0.17961105696887664,0.14831529873595517,0.17844119573002762,0.2702430950886767,0.18528474464534087,0.2130063265943011,0.2015033233473981,0.19950896821282407,0.23598518556005396,0.25796169687500026,0.22510070217391331,0.19028312086230878,0.18379244354395607,0.14817541625000014,0.15100629161849716,0.1857464899290779,0.1602113716083916,0.15176085902964964,0.20491494477825464,0.18699011212938021,0.1672039944743933,0.2400658937205653,0.15801641855388818,0.1352529317039106,0.13568040417789762,0.1323671543884893,0.15023127527173902,0.1584771900269542,0.37880644964639304,0.21287915662162166,0.19820500055632817,0.21553682371967658,0.20645966671159036,0.20826725680580765,,,,,,,,,,,,,,,,
0500886,0.6027159746835441,0.35685305872274187,0.2683680726241136,0.2620741837445574,0.21746359760900144,0.2384184729927012,0.2724604244005641,0.34583441360056294,0.1801383634447673,0.24993703792372896,0.33776049782293205,0.3377064388185659,0.27682504186704426,0.2849886238244516,0.2580915330520396,0.24090700593471817,0.16836662932790225,0.16817116224188788,0.12045107533234865,0.15824200147492637,0.19164360468521255,0.25309590443213287,0.27900644067796565,0.2816624708276796,0.23905496589358805,0.25993091520362016,0.17803719542538357,0.18075166885093175,0.16110468970189715,0.159213655290611,0.2159648477726576,0.22405882132564883,0.25892207231467457,0.25313488775811227,0.3193572255287009,0.27088999670487135,0.2206993760683761,0.24343790422077896,0.22264849999999978,0.1665452006079026,0.14467802643171798,0.12143468437025796,0.12484800000000006,0.1471812542134832,0.1687539036697248,0.2181197891654465,0.2767794486983154,0.17385072807017546,0.2282160473149493,0.21252673131955493,0.22058907162921335,0.17841332738095256,0.17557157991071423,0.159401784962406,0.19699422239436618,0.21939107681365574,0.22457044461077855,0.27670397404371583,0.3123097631884058,0.3750764464985989,0.288114069637883,0.34578134179104497,0.296979292749658,0.23646796327683633,0.2123171816920943,0.2019543922114048,0.2144641983805665,0.37708197043010716,0.22777003641456595,0.28839978091397855,0.28315377310924367,0.291942056402439,0.33366921505376346,0.3038590520231214,0.27504023769338964,0.2219532529069769,0.18794809945750446,0.16810899722222225,0.1590215739247312,0.19432444714285704,0.18936049722222237,0.25616326344086016,0.3176555279329607,0.2439309435483869,0.28846552981969464,0.2784390857142856,0.260771064759036,0.2172574603399436,0.1825336384408603,0.15717352064631945,0.21873510115606912,0.37693466713091944,0.2949870806451612,0.2443253546592487,0.26632226234567874,0.24247663150492293,0.30269223939808465,0.2508708302180687,0.2668621402524545,0.21690455021834054,0.17373282981715885,0.15647311736334404,0.20485015168539325,0.5548722359550569,0.20816675988286965,0.27541106320224723,0.2931709281609194,0.25603873351648354,0.2715616531468532,0.24669452337858216,0.25814174438202225,0.22317010802919712,0.18981653654743372,0.15931852542372876,,,,,,,,,,,,,,,,,,,,,,,,,,,,,,,,,,,,
E206271,0.21820256776034277,0.22501533742331253,0.21167832167832132,0.1637393767705383,0.1389693593314762,0.11398230088495588,0.11250355618776665,0.13725738396624457,0.14310043668122283,0.17570259208731248,0.1627414772727274,0.16800546448087428,0.18098092643051783,0.16096405228758162,0.1467759562841532,0.16005633802816913,0.15184100418410054,0.13125904486251785,0.12221009549795367,0.12983651226158038,0.15976573938506586,0.18983628922237367,0.1813399153737665,0.2376304654442868,0.17915416098226492,0.19010233918128663,0.17315143246930456,0.17250704225352156,0.1524554183813446,0.13109859154929582,0.13760504201680662,0.16322239031770064,0.1947167138810198,0.17482853223593975,0.20243661971830973,0.18086301369863067,0.2387087517934002,0.17670196671709545,0.18825375170532088,0.16120396600566594,0.14627397260273983,0.12656609195402327,0.10937931034482762,0.11084507042253523,0.145297450424929,0.20601915184678488,0.19925035360678908,0.18512500000000004,0.2589315068493148,0.15104072398190035,0.15026063100137171,0.1401128349788435,0.15646005509641872,0.11629055007052189,0.11386831275720173,0.1401232876712329,0.15986506746626689,0.15294036061026356,0.19258823529411767,0.16949522510231937,0.22078584131326948,0.20415828729198182,0.19941712465753428,0.17916537589670017,0.16463175068493133,0.1381315089285714,0.15086207776261937,0.14834527046783616,0.1687795937940763,0.21824644870041054,0.2586201570014144,0.1874394373297003,0.22673477397260255,0.20504549853801196,0.1740371974431817,0.184150246969697,0.1581420780821917,0.1364667063037249,0.12012007397820162,0.1394216095890412,0.15237859093484427,0.174073591780822,0.17263511874999998,0.19707514679399707,0.20171992517193943,0.1643376657534245,0.14976325890410952,0.13042252143864613,0.13548043509015253,0.10894536394849774,0.08562244507575756,0.16244315553235902,0.18356796022567007,0.16991911436388515,0.1598421863764045,0.2999214541666669,0.17190645726141074,0.18180524791044786,0.19152186735253762,0.16812378828451888,0.15232184354838726,0.12899334230215823,0.13724707903225808,0.24397748667563945,0.16806204452247198,0.2070803997300944,0.1931656317107093,0.1792089782122906,0.21116523466299844,0.19510903132530102,0.17773781693989044,0.15118779666666665,0.1534719186827957,0.12762604334898292,0.11424176326530616,0.14780675006765895,0.14362712072322673,0.17270551666666706,0.22837964979020967,0.17724338129205933,0.15491567232021727,0.1695620046686748,0.1560294543956045,0.12918157277777795,0.11409843454790826,0.10453821239554312,0.10605032646657576,0.13018566513513527,0.3783026723226706,0.17728324851752017,0.16810339579242622,0.1793271024226108,0.16526205712365596,0.15813325906344405,0.16551128312236293,0.1462768437935845,0.12634285904761905,0.11160939432624113,0.09893006801619438,0.15848478261455545,0.16687243600562587,0.16321238500000002,0.1558034346853147,0.17026258654891316,0.19331833093415018,0.19335549379084963,0.20045109657064483,0.17981688953974903,0.15321336018893394,0.13416514311926603
E207417,0.2836194563662375,0.3350796178343947,0.26893203883495065,0.20197387518142207,0.1765800273597814,0.1480394922425951,0.13377094972067025,0.16217808219178054,0.1674821173104435,0.24801641586867296,0.2524964336661908,0.30641586867304915,0.3344999999999998,0.2830709876543209,0.19676855895196538,0.19042492917847037,0.1614993122420908,0.13072135785007027,0.11907586206896567,0.13888081395348853,0.16830725462304424,0.2444613259668509,0.2690497076023387,0.3676412429378521,0.24192528735632074,0.25016691957511344,0.18410863509749315,0.17222222222222228,0.1569902912621358,0.1165611510791367,0.11569767441860476,0.14599706744868024,0.2001029411764707,0.19205923836389308,0.2849333333333331,0.2053465346534653,0.35438988095238044,0.22046548956661324,0.21509695290858719,0.16556521739130436,0.1414242878560718,0.12278832116788346,0.10434065934065935,0.1147413793103449,0.1445557122708037,0.22259970457902506,0.3123897581792318,0.2706010928961747,0.2971545827633376,0.22401206636500742,0.18728021978022003,0.16410437235543024,0.14132596685082885,0.11850381679389324,0.11140302613480048,0.12595890410958913,0.176220588235294,0.1636662106703146,0.3076278409090906,0.3152049180327865,0.2782208713692947,0.24766261280487795,0.22022301920438955,0.17230307344632761,0.1439136191780822,0.1274293767705382,0.15656392304526748,0.15483786006289305,0.17546092318634426,0.24569549860335216,0.3532113603988604,0.24269722175732228,0.3041931195622436,0.2603104964809383,0.20614502345678998,0.17976161272984448,0.16271045325034575,0.13411334999999983,0.14499820850480108,0.15338825584594237,0.16611926967559948,0.18075156598360662,0.20863696389280678,0.28508744678522574,0.33788006666666637,0.2504435370090636,0.17310849603283163,0.15482547760563375,0.1324333127222982,0.11925568089368266,0.11068459847009748,0.16438649398084818,0.1953946615492958,0.2418342829467942,0.21014159888111877,0.3552684752688171,0.23742301334231805,0.21425371426426462,0.23803931304347814,0.16846992138888886,0.14048958236877518,0.11537078618233625,0.11711655695006756,0.2322032872311826,0.1643134593055554,0.2560280591397846,0.2722546399721447,0.2553360078911568,0.27647160740242266,0.23278655044776111,0.2313149575716234,0.14991224269819184,0.1268688505390836,0.10939057883008352,0.11586362543741589,0.13932295533063424,0.13474674937413084,0.21593942974427985,0.32252831173184354,0.21772963910690113,0.1549277697580645,0.2134926925287355,0.1886531285907859,0.1452609321629213,0.13006385154777905,0.11235558393854733,0.10738533274215535,0.12472523553162852,0.3601016804225353,0.18234199148648675,0.20302142072322685,0.2371877548517525,0.20520188204419912,0.17545100790861154,0.18637274924965908,0.15254429703389819,0.1263743800818554,0.1115726306818181,0.09314518943089416,0.14477597731092443,0.16967872147838223,0.18314208175675678,0.17503261084840058,0.21733404919137456,0.18943616347708886,0.2013976686656673,0.16643573167613632,0.15573052352941186,0.12828840189445173,0.11057133619631898
E207418,0.31918571428571435,0.30903177004538557,0.2657945205479454,0.23306497175141216,0.21293715846994535,0.18243589743589766,0.179317871759891,0.21556318681318615,0.21887784090909077,0.24677233429394735,0.2523044096728311,0.25289256198347054,0.34777301927194854,0.29173716012084533,0.2539477303988991,0.24701977401129901,0.2213953488372088,0.1766951566951569,0.14143835616438333,0.181454046639232,0.22721194879089626,0.24817189631650777,0.23122881355932165,0.2999862637362632,0.24429548563611447,0.26181021897810164,0.20956104252400545,0.196499215070644,0.16971153846153858,0.14193181818181802,0.1686968449931413,0.20857541899441343,0.27547249647390687,0.22390109890109874,0.23490140845070387,0.1983746556473831,0.3421643835616439,0.2672398190045248,0.2258734525447046,0.18794871794871842,0.1665199449793674,0.13930496453900706,0.12141483516483505,0.17870041039671714,0.19946099290780167,0.264753424657534,0.29838983050847473,0.2614051841746247,0.3459807956104249,0.22548632218845024,0.22025899280575492,0.20763456090651564,0.18159836065573798,0.1392209631728044,0.1553195164075995,0.16117310443490707,0.21048090523338048,0.2159807956104253,0.2812244897959178,0.28971726190476205,0.3416001907514451,0.26483745839636896,0.2623242681258548,0.19769877256944457,0.18961293178717625,0.1570047161383286,0.18211733664772733,0.1646144090287276,0.1830029744318182,0.25412259241706175,0.2868387744680852,0.2262354529331514,0.2970685610425237,0.24811505351681928,0.20373121751026016,0.20812774264214018,0.1766577072419107,0.15111260242165236,0.15890120042372893,0.1937922789617484,0.21092248504936534,0.22431875810439558,0.2348524447782546,0.2960640166666665,0.2865496971631207,0.2429637110773899,0.20092190631868123,0.18220986813031173,0.18579607356948236,0.16313552806267806,0.15198466680327877,0.26020290396716816,0.24675185528913982,0.25421602278308303,0.23210141542776974,0.3832703172554349,0.28434847740189484,0.236487883973289,0.22264677402422592,0.184720915942029,0.1706605703234881,0.13919891884057983,0.15238100786516856,0.2727506115330521,0.19450867221418236,0.2387680564425766,0.24112280271084321,0.2081141831932774,0.263544346241135,0.23708735085536561,0.22115113276595733,0.18477976782608702,0.17139816877637115,0.13056752671532854,0.13901199412751677,0.1742166723314608,0.17061559604685222,0.19455583017241385,0.27226724666666674,0.23095737064606753,0.17529218092566642,0.2257826365963853,0.19146383590462832,0.16903573815028908,0.1519344942090395,0.14313017768115946,0.13071085488826806,0.14329562711171673,0.4222996948396092,0.21599774474393515,0.19394611018131094,0.21229935989232848,0.199214718951613,0.19885333413897258,0.20445209027397257,0.22649388202247195,0.13216725486111103,0.1160716088445078,0.1049223263229308,0.1815122026499302,0.18984087638888889,0.1894678587601077,0.1868312925,0.22141321897711966,0.23182675572005404,0.21381392356495474,0.18756734381720447,0.17402460695410304,0.15342491009421272,0.13560237339449538
E209177,0.32267955801105025,0.29043872919818414,0.2614344827586206,0.22428772919605058,0.201153846153846,0.1777009873060654,0.18429548563611484,0.22500682128240101,0.21858841010401203,0.28175172413793065,0.2694602272727274,0.25168956043955965,0.29845839017735337,0.2635419847328243,0.22158686730506144,0.21077683615819193,0.2039972527472527,0.17440677966101736,0.15958620689655187,0.1808469945355192,0.22646892655367193,0.26062326869806063,0.24410437235542953,0.3123717059639382,0.2664972527472523,0.2863265306122445,0.22304347826086965,0.21119424460431652,0.19605729877216935,0.17371794871794882,0.1970631424375921,0.2256557377049178,0.28394025604551926,0.2474863387978137,0.2508885754583923,0.2356689655172414,0.3153166666666664,0.26102719033232624,0.2309562841530054,0.20506346967559919,0.18723140495867774,0.161313559322034,0.16199175824175832,0.16649386084583925,0.21217514124293765,0.2874281805745557,0.30487943262411366,0.2986338797814204,0.3537327823691459,0.2528787878787882,0.21982191780821925,0.1974318507890965,0.17496598639455796,0.1558605341246291,0.16341530054644837,0.20564207650273206,0.22076487252124632,0.2110939691444599,0.28988684582743957,0.3134019204389565,0.3299848893442624,0.26789802265860974,0.2515099481582539,0.21059558674188988,0.20427232142857157,0.1782308243243243,0.22018040791268773,0.19563408904109597,0.20608688293370941,0.29386397285129556,0.31842235437853095,0.23402827154929565,0.29915953888130986,0.26161684830633286,0.22030364207650263,0.2252785472418672,0.18832904318801097,0.17316554681753887,0.15208318664850123,0.19979574348422516,0.20884883561253545,0.20843759067215387,0.213941588309859,0.2974713250000001,0.2915305730874315,0.2602246250000002,0.21079083631361747,0.19002534409672836,0.2055966353342429,0.16013577446504992,0.15951577906976735,0.3126312269125685,0.26084709035460973,0.26263868444747573,0.22106261671348354,0.35752520698924767,0.2658232394843962,0.22589867085201792,0.24735576702557216,0.2129076030683403,0.181887384822695,0.15475462745376953,0.18388466977058068,0.24896585356662188,0.20389469074074082,0.26904439041835343,0.25333287019498607,0.2260848873381294,0.2745487826612902,0.23811667729323305,0.22698553953488354,0.18677460166666668,0.18735613822341865,0.15275272164804465,0.17568774312056729,0.21980674771505407,0.17439794028368794,0.23627179980694962,0.3157628260744985,0.28240579710144925,0.18654290914368654,0.212412,0.2083533376413572,0.1740873,0.20173764897959182,0.1746599089051094,0.15439316608108092,0.1688161998655915,0.46308251032078074,0.2342872460296094,0.21541613068340307,0.24298398800000012,0.20971155309973077,0.22197582296072516,0.20867321901504787,0.18854019538461542,0.16139340340599442,0.1514498904069767,0.14738489541160588,0.21848695760430692,0.21798798158640229,0.20162199797297317,0.20085126367461412,0.2145306573351279,0.22220912799461653,0.21990063697604775,0.19186029973082097,0.16863398326359838,0.1577858452702704,0.13475087476923067
E209178,0.1985772913816691,0.22352220520673793,0.22971034482758587,0.22692524682651585,0.18907458563535925,0.15090651558073637,0.14968622100954998,0.17670314637482915,0.18765205091937784,0.252625850340135,0.2002421652421654,0.1896712328767125,0.22822888283378714,0.20439209726443788,0.19469945355191245,0.21199999999999977,0.19145975443383387,0.1570085470085473,0.13364754098360643,0.14520435967302459,0.17548158640226644,0.2381471389645773,0.20727011494252898,0.26774590163934303,0.1896005509641876,0.20637724550898223,0.19034293552812093,0.2191971830985911,0.1886573426573428,0.14691654879773702,0.12891213389121317,0.15489597780859932,0.18002844950213387,0.16730769230769277,0.17519536903039082,0.157613814756672,0.21697183098591474,0.1800302571860819,0.17118594436310428,0.172861313868613,0.15285094066570198,0.12571830985915486,0.11341772151898714,0.11517955801104975,0.14559884559884553,0.22082872928176775,0.18806122448979573,0.17070464767616222,0.22043750000000006,0.13161137440758294,0.1361396011396012,0.1474917491749176,0.12886583679114777,0.10500000000000013,0.09820113314447608,0.11964549483013309,0.13599688473520233,0.14674220963172807,0.16531309297912702,0.1555431754874654,0.19738228045325779,0.17270398972712686,0.17264147249647405,0.18185232020905928,0.14986162244897958,0.11735437055214726,0.13658344630136968,0.15205196076134722,0.14995163968705547,0.19958369555236743,0.22485370593342985,0.148604982729805,0.17787937587168767,0.1605079487804879,0.14543462781065092,0.18219682455621322,0.13910942709497212,0.1417650485829959,0.1422967263374487,0.16807460250347708,0.18732938172661875,0.1701215377581119,0.14884752859216246,0.15858242102351322,0.1755866874999999,0.1652913934049081,0.13978484563106788,0.15165259271428552,0.15507928823529424,0.11157561343705796,0.10405520896551716,0.17400047848275862,0.1777291815450646,0.21840009267955782,0.18915653113207553,0.29576549821673537,0.19823728173207014,0.19277212712369618,0.21430240473612996,0.20995311418439727,0.19538401669024064,0.1399970120356612,0.15899841539548015,0.27487691563380273,0.19003622301013032,0.2889199151685391,0.23960023333333325,0.2001503359237535,0.2358454830508476,0.1999634835820895,0.2258900378766144,0.2040837776470588,0.17391232974427978,0.1243947585331452,0.13078237574123996,0.18914910497981147,0.17996782986111093,0.2299069182692305,0.2459387971830988,0.17946451873315378,0.1502434495276651,0.2153954897841726,0.20726242153846156,0.17222645396383865,0.15620535989085957,0.1323088056944445,0.12959569362279513,0.14478600176151785,0.41862792153846135,0.20282047449856727,0.22479294605263145,0.19170513446866463,0.19834627748618752,0.17634657159090908,,,,,,,,,,,,,,,,
E220891,0.1689026063100143,0.18570347957639963,0.18744121715076098,0.18824362606232295,0.15758620689655214,0.13511363636363632,0.13587345254470432,0.130705394190871,0.13514164305949006,0.17668038408779163,0.1480143884892087,0.1636849315068495,0.18338356164383535,0.17308510638297936,0.1621038251366124,0.15650211565585354,0.16324693042292013,0.12726752503576522,0.10567081604426014,0.15420329670329672,0.17372355430183384,0.18088483146067436,0.19706970128022763,0.24182441700960203,0.17320495185694615,0.17826277372262797,0.1733287482806056,0.1646241134751777,0.1422589531680444,0.10521186440677985,0.11678955453149008,0.15093294460641427,0.18680291970802929,0.1626086956521742,0.17052401746724904,0.1629733520336607,0.1774685314685317,0.1907727975270483,0.16751733703190025,0.13508720930232565,0.1208988764044941,0.10579941860465142,0.11361227336122749,0.11715287517531561,0.1347612156295223,0.18630969609261927,0.17913265306122458,0.19831041257367382,0.16512960436562094,0.1401729559748431,0.16191366906474838,0.15170767004341515,0.13785519125683074,0.12211126961483607,0.1274590163934427,0.15501362397820173,0.15583806818181825,0.1910398860398864,0.21090267983074754,0.20864569083447282,0.22050153507565312,0.22700157491856685,0.2408576392318242,0.21531739204545444,0.20022263698630138,0.18571366910688145,0.21722264613259692,0.22549892216066492,0.19302157407407425,0.24350857011019297,0.24700079036144587,0.22140059403606113,0.21400752720994473,0.21336366894736844,0.22556441823416518,0.2170249532467532,0.1826874825899281,0.1645531936324167,0.1542947414348462,0.1771883395744682,0.18315194329446077,0.20840147763532788,0.20376435301027906,0.17482957471751423,0.18846274315642458,0.196062887614679,0.1719373909470754,0.15980850524781348,0.1602780465083797,0.1595825029871978,0.17498945227963533,0.2720343468232043,0.22634376063218392,0.20262959777117387,0.194215524088748,0.1762296771197847,0.18435616634214202,0.19225557593423004,0.20623554790823218,0.17999341854493583,0.16872110426470588,0.14643256604414268,0.15961496169014094,0.30867897331460653,0.17635783159420287,0.215610646132208,0.20760109171511623,0.17625472222222205,0.177196798457223,0.17301097612403094,0.19355936299999987,0.16580049723435222,0.16739381513437065,0.13096982656023234,0.13642469845288327,0.17681106778711483,0.16450103950437303,0.1895663469999999,0.21044205220588239,0.18039640620592376,0.16421118539325824,0.2011772178104576,0.1864154136486486,0.17017306123595508,0.1568180970230043,0.140736690529248,0.1459229636118599,0.1558288325706594,0.38485069845938435,0.20316159662162175,0.19652719284712497,0.19649141540540538,0.19665481272984445,0.1846714060698025,0.21268545440771375,0.18189520055865926,0.1615935495225101,0.1419942888101983,0.14267378243243262,0.2468028109756095,0.19344251143654118,0.1944712581646427,0.19021679832635993,0.17669540995962324,0.22550901008174384,0.193866766766021,0.19480000806451608,0.17961952357043245,0.15251218371467046,0.1295199681957186
E223756,0.17941504178273063,0.19117283950617328,0.18724279835390997,0.17987306064880135,0.1618244170096025,0.17015492957746514,0.13915966386554657,0.17509404388714778,0.139985915492958,0.1668975069252078,0.18094900849858359,0.1818930041152266,0.18032786885245894,0.17978755690440096,0.18260928961748654,0.17178873239436676,0.16405994550408784,0.14125177809388315,0.12451436388508884,0.13809849521203837,0.14144376899696043,0.1530517711171666,0.16939914163090145,0.1937926330150066,0.16058171745152364,0.17405839416058436,0.16952251023192383,0.16782178217821841,0.15615279672578436,0.13101983002832876,0.1499178082191783,0.17534788540245594,0.18388888888888885,0.15291839557399758,0.16357746478873275,0.16219336219336283,0.17490140845070493,0.18331825037707414,0.1669821673525382,0.15021126760563394,0.14200545702592113,0.12432664756446982,0.12341997264021878,0.1255418381344306,0.1351971830985914,0.1470941336971352,0.15605932203389875,0.17389344262295134,0.15104258443465501,0.14913821138211408,0.16722912966252235,0.15227080394922451,0.13640109890109897,0.12658119658119638,0.12926286509040344,0.15840599455040894,0.14863829787234062,0.16453424657534277,0.18639321074964652,0.1796849315068496,0.17662855587808415,0.173376211567732,0.17565190410396714,0.16712531267605626,0.15461046334716472,0.13338650921985826,0.17365844642857148,0.16696547267759557,0.13441278805120904,0.16590968160762945,0.175713790890269,0.1784444871794869,0.16896180631868146,0.17149904239766067,0.16937202724795639,0.17091356879432615,0.1606180885558585,0.1338672679830747,0.12276047814207658,0.1339043628922237,0.14870373011363652,0.1627689954607979,0.1605018847887325,0.16330964577656654,0.17188733722527474,0.17432288108925878,0.15650823715469597,0.15039189549295784,0.14528313306962043,0.15275913276595748,0.14822423387978154,0.3023355875000003,0.22257336373937703,0.15183302980769225,0.17053510014064707,0.15234821569688767,0.165798667032967,0.1613185174887893,0.16442942955465578,0.15202428458333336,0.14363490121457484,0.13804846380471392,0.14924364919354835,0.3709251502018839,0.16209117719054245,0.16427484097035033,0.1614640226173543,0.14650712780898867,0.1418479225806452,0.1477369770149254,0.15732130672153624,0.1522462407252442,0.14238493279132802,0.12733988636995847,0.13134495101488503,0.1737913223418575,0.15969485007012624,0.1611320307171852,0.16660320445062593,0.17037684000000008,0.1466985407912689,0.15705521368267816,0.16150846561210466,0.15295196067415753,0.1434966215924427,0.12162998050139277,0.13552742781546812,0.14526548753387533,0.3699090286516855,0.17400725353260882,0.16291029169014107,0.15494583373819165,0.15387653560283673,0.15307016955177732,0.16155303143939387,,,,,,,,,,,,,,,
E231866,0.3171327175248932,0.3216560622083978,0.4090584822284912,0.16471388822545452,0.2836216033755276,0.39621207027818456,0.24879754456859965,0.29978555071831003,0.3290644537010158,0.4331842836849506,0.3728790804379561,0.32706057128712857,0.3421644763214283,0.34950237793851713,0.21969741525423703,0.1915108843338216,0.2699584159420291,0.19917201900584786,0.1815063134700857,0.21683961015847852,0.2719278176291792,0.3216000239436618,0.38747385693430675,0.4417335175808724,0.31155181153305206,0.2794812405446292,0.24646955764872525,0.21525067338639667,0.22855404090268003,0.18376756496350388,0.18076669515669505,0.2391596081460677,0.305423295154185,0.28017408238636365,0.31955416666666636,0.27764266104078755,0.3294135359661495,0.2909201526479753,0.3360433011363635,0.24300502478134103,0.21883842616033747,0.18164575801749275,0.1716689831223628,0.18629317821782185,0.23542954678362552,0.33999266994382016,0.36683554306569327,0.37426401828410677,0.2921162443820223,0.22972062677165356,0.2539820983146071,0.21312666133720923,0.1932685906515579,0.16429325072886294,0.1710700028129396,0.19665771769662918,0.22917919469026554,0.26507319322990147,0.2903825007256894,0.3094506789772727,0.3189185992897727,0.31315932503887983,0.2997426577086279,0.24250647605224981,0.2134847489481066,0.18513683040935658,0.1994683385049367,0.20218720815752458,0.22394425226586098,0.2880089011299432,0.4187006539589438,0.32488105233380515,0.24574904466858818,0.28341510526315783,0.2460287381458969,0.2284219941944847,0.2131716166902402,0.17598770234604116,0.1841835436619715,0.23981095365168534,0.24609492419825074,0.2592278779803646,0.28454503503649614,0.2861431070422536,0.3403427985915488,0.2785705481366457,0.21888849858356904,0.19245713157894756,0.1940652183098592,0.15540353654970765,0.14640765028089903,0.19638835492957726,0.25090452992700696,0.2827053131170663,0.24999463662790705,0.3222140395480224,0.21855341151685362,0.24932583770491804,0.24687784985835723,0.20388459796806976,0.17184558591549287,0.150646139329806,0.16496287155963307,0.27538969338959207,0.19375173063380274,0.30614622920517576,0.26266634925373183,0.2057570088105728,0.2289174511494254,0.23350199999999988,0.23381563074712652,0.16330373042168664,0.15372610159651665,0.11768202074074077,0.12679550304878054,0.16081314820846895,0.1663285648734177,0.23194552061068724,0.2617037428998509,0.23664887087517952,0.19210712788906004,0.2268193753894081,0.22697439201183423,0.17589908854961828,0.15882716125581411,0.14370133125972,0.15635207092084,0.177092621301775,0.43302299413489753,0.22422213888888856,0.23326228380386316,0.23253959007092184,0.23721104005722468,0.19796834976887506,0.23014922969187668,0.17184688140556362,0.1387361364275671,0.1315225057636886,0.11228884964539022,0.16807267459138198,0.1935793674242424,0.19512029268292677,0.1507285627644569,0.16622479972565163,0.20115634515688952,0.22923277155824492,0.19484770644718805,0.14589625637393763,0.16909851841746257,0.17277004334365306
E232245,0.28451568894952267,0.2726555386949921,0.2511444141689369,0.21983002832861157,0.20056087551299565,0.1611001410437237,0.16908205841446464,0.18993036211699138,0.18918424753867802,0.23543956043955963,0.24689265536723182,0.2579753761969902,0.297493188010899,0.2425075987841944,0.20495901639344236,0.19940845070422494,0.19661179698216744,0.16239774330042336,0.14371584699453546,0.15766803840877922,0.1868450704225353,0.23697547683923686,0.2543201133144473,0.3311186903137785,0.2458719346049043,0.25839941262848704,0.20897400820793402,0.20665726375176294,0.1884604904632154,0.15544807965860616,0.16525238744884058,0.1899131693198266,0.25201141226818763,0.22259208731241462,0.24866855524079293,0.21795081967213153,0.34497275204359645,0.23614567526555374,0.21724420190995936,0.1929154929577464,0.17953424657534256,0.15249221183800632,0.14808275862068976,0.14618008185538875,0.18913963328631903,0.26987721691678,0.27426086956521756,0.27382920110192793,0.3485655737704918,0.21870090634441153,0.19766073871409015,0.18289139633286358,0.17128943758573412,0.14702816901408453,0.14735419630156474,0.17918144611186895,0.19339915373765873,0.1822950819672134,0.2594842406876784,0.273915416098226,0.31319695212038295,0.23740458034321385,0.22954090304709127,0.19788707887323945,0.19171089904502062,0.1543505957446809,0.18712803319672103,0.1713341367989057,0.1884380704225352,0.2678494550408718,0.31565551450704216,0.2273029298772174,0.3101562446866483,0.23618713848396503,0.19840284601398606,0.21667471368124147,0.18034288267394258,0.1534913507042251,0.13760071448087427,0.16217103950953665,0.17371960155586988,0.19605777157894722,0.18498569524495653,0.2725265932968535,0.29540953713892754,0.21262237125567313,0.19699290621118026,,0.1806777287519745,0.16612418583569397,0.1395367900273225,0.26598207654321,0.2517579940677966,0.23215149246575326,0.22296597044817945,0.3685096637466312,0.24090594669365725,0.21936352306547596,0.2045248939434722,0.18250949023709914,0.17655572645074236,0.15295682525399124,0.16875316711590296,0.2933158419703103,0.18416104712482467,0.252560776612903,0.23948662656467332,0.2349255288978495,0.24764185835579527,0.23227146062874265,0.21506435075653363,0.18470897041666687,0.17762667325268833,0.13347768467966575,0.1379461158108107,0.18847694797297304,0.16943503671766352,0.21251313247978434,0.30051868673184345,0.2447102847708895,0.18944455872801103,0.2176630782733813,0.21269030067385447,0.17814880793871865,0.16146841637347772,0.13206581572580647,0.1483166072972973,0.1700473122807018,0.4400501756606393,0.2087723224324324,0.21866135146443536,0.23703037779273217,0.2048098411924119,0.19716199969696957,0.20134629904632123,0.17787782712100125,0.15860149102040824,0.14138955463768121,0.12906280608930976,0.2064426725437414,0.19444151098748247,0.19252670703653607,0.19062471319444466,0.2133753522849463,0.2338772190026953,0.2169617904619971,0.17760582930107527,0.16300407639664802,0.14666820699865418,0.13043125015290502
E232246,0.3520547945205483,0.3964048338368582,0.3022267759562836,0.2379059829059826,0.20990437158469907,0.1675492957746481,0.1654120879120882,0.21524005486968426,0.2152259887005646,0.29392612859097095,0.3006891701828409,0.32775453277545297,0.3615247252747249,0.3013897280966769,0.2348021828103679,0.22431205673758822,0.20824657534246577,0.16608757062146917,0.15341563786008222,0.17446575342465773,0.22360169491525433,0.28444291609353534,0.297481698389458,0.4040846994535521,0.28954670329670273,0.32528467153284646,0.24602179836512256,0.21898305084745728,0.19884456671251696,0.16264788732394378,0.1630737704918033,0.20348005502063263,0.26976340694006284,0.2548668639053252,0.3121549295774644,0.2527012278308323,0.4149587912087911,0.27283105022831067,0.2651634877384195,0.2031869688385267,0.18047748976807673,0.16062059238363907,0.13682692307692293,0.14919508867667133,0.19259520451339954,0.26739427012278294,0.3636984352773828,0.33401920438957394,0.3687158469945351,0.27136570561456774,0.22909589041095837,0.2037376586741892,0.18389574759945163,0.14794076163610725,0.14665294924554212,0.1750956284153005,0.23296191819463977,0.2161800818553887,0.3163181818181816,0.379208731241473,0.35860672131147586,0.31459401357466094,0.2787456063100137,0.2263118156748914,0.19057294903581287,0.14819040257648952,0.17238505075445834,0.16382035955678667,0.20137113782991214,0.2873112461012311,0.4057619026950353,0.293726914423077,0.39298086465753396,0.3223672368035192,0.2518206654794522,0.238362819377652,0.20160261083333317,0.16357881329561524,0.14560435116279047,0.17276858925619812,0.20041954138418056,0.2312019237099023,0.239402439829303,0.34573610820793427,0.3728642633744857,0.30424586115326285,0.21924682530949113,0.1914208392156862,0.20747548964539034,0.16168999160739697,0.1389749141689374,0.21430938010899211,0.25837402482369504,0.2899299218281032,0.24745311249999993,0.39331282763337894,0.294108431343284,0.26541929612518644,0.2788784847411447,0.2091478703056768,0.1774651067510547,0.14734364556213025,0.18794651828410694,0.2999031147058822,0.21139089330422114,0.34153466995447646,0.32424206005788686,0.2948633405367228,0.3494879789325844,0.2857598570312498,0.27095489557142854,0.19695950608695623,0.17561569365303248,0.13443007961876818,0.14084455734463266,0.18742027703081232,0.18001199680696658,0.2604764233137833,0.4075268713872833,0.28084771734837793,0.20067697909356733,0.257227902026049,0.22147952506738547,0.17337404888888897,0.1506833660300137,0.13120416789772726,0.12487872681940707,0.1535069115746971,0.429730535843794,0.21098087254374182,0.22832227192737456,0.2830786872972969,0.23962207792732174,0.21705754730354404,0.21787640448979578,0.1826290748251749,0.1478246919508867,0.1353442219546743,0.11390961187584336,0.17998067698519532,0.2111118386235953,0.2132756244623656,0.2225580581363005,0.25151459650067315,0.24017052286874171,0.2437606953662182,0.20281662472677614,0.18042995194986058,0.14983977537212456,0.1284284588957056
E238212,0.2979423868312756,0.30146304675716445,0.27845089903181175,0.22390381895332376,0.21244841815680848,0.1563841807909604,0.16296923076923092,0.1831869688385271,0.1747167138810199,0.25097959183673413,0.2503271692745382,0.23890710382513614,0.2669891008174387,0.24139605462822417,0.21813953488372081,0.20707280832095074,0.20180223285486465,0.15712871287128716,0.13835164835164834,0.1601675977653634,0.18433004231311712,0.2352595628415299,0.25886201991465113,0.313223593964334,0.22459422283356223,0.2255766423357662,0.20984869325997252,0.21831908831908847,0.2173525377229076,0.15438472418670476,0.16073713490959685,0.21309659090909114,0.26799132947976834,0.22358229598893492,0.24571428571428558,0.2465663474692203,0.3005601092896173,0.23674242424242434,0.234759284731775,0.21586158192090382,0.19252387448840372,0.1656714285714286,0.16381742738589256,0.15455661664392933,0.19403433476394866,0.2728532235939638,0.24424929178470242,0.23446197991391643,0.3129480737018427,0.18712556732223912,0.21178423236514513,0.19627142857142887,0.19853658536585372,0.15654442877291982,0.15877947295423045,0.19747875354107622,0.21254596888260252,0.21144827586206905,0.25303353658536476,0.25277392510402175,0.28818107713885,0.24573473088685044,0.24502359972299145,0.217577559659091,0.1952276186556928,0.16848145022970903,0.18428506008583667,0.18301049859943988,0.19779050712250715,0.24195631323328795,0.2881879049645391,0.23918968175388963,0.25042224535519114,0.22318480476900124,0.2042861320224721,0.20946972984441314,0.1805501333333332,0.17897475107296124,0.16278440599455066,0.1748324065734265,0.18177291664315928,0.21005907028885826,0.19726421889204548,0.22364324182561282,0.25618538057851237,0.22207724030303028,0.18968270939226511,0.20914221683168305,0.227825129558011,0.17615384556213015,0.1764033359165424,0.24685500096153865,0.2533768512931034,0.2367747950684932,0.18950124048295455,0.2666431113055181,0.21294943652291107,0.2005445372754491,0.22410151588156138,0.18789215099150122,0.17614520493653013,0.15542713556851342,0.179001368863955,0.3145682956276448,0.20432844442836476,0.2868939897327713,0.24263335647226156,0.2225734277551021,0.24908661763122486,0.201133621577381,0.24513727853260847,0.19959511606145242,0.198107683805668,0.15081359435028252,0.16474833355795143,0.21175387479784388,0.19726141056338029,0.2333589676589984,0.28475177360335147,0.2369293076716018,0.1827236471698115,0.21917366676258995,0.2051131369063773,0.1945480422594143,0.18758342193460487,0.16572977646239556,0.1688400619111709,0.19309102900136785,0.46295268038067416,0.22449826298882708,0.22057440917941573,0.24405338611859853,0.2150338,,,,,,,,,,,,,,,,,
E242892,0.29202567760342363,0.2713050314465412,0.26825484764542945,0.21876651982378842,0.19278940027894012,0.21044274809160302,0.1812430939226521,0.19837912087912093,0.18376237623762373,0.20515688949522506,0.19279538904899163,0.22892005610098165,0.27517099863201055,0.24333841463414624,0.20502051983584113,0.20198979591836763,0.20512960436562075,0.17462304409672852,0.15721917808219196,0.16719346049046352,0.20811965811965863,0.23904632152588542,0.24944444444444377,0.2847748976807635,0.24773224043715825,0.2570674486803519,0.22557377049180297,0.21481638418079085,0.19293715846994547,0.1679202279202281,0.18541609822646668,0.21313535911602172,0.2754751773049643,0.2352724795640324,0.2552414772727269,0.21256830601092896,0.3233983286908072,0.2477238239757205,0.22477428180574555,0.1903672316384182,0.18139502762430973,0.15573863636363644,0.15412857142857173,0.15942249240121598,0.20180281690140814,0.28150478796169637,0.2683125,0.260137551581843,0.35147742818057487,0.24140483383685815,0.218119891008174,0.19004225352112697,0.1752479338842979,0.15012693935119903,0.15654843110504782,0.1903472222222222,0.21525352112676047,0.19937244201909973,0.25523272214386405,0.27055934515688884,0.3101137129120881,0.25034247121212133,0.23597081121750957,0.2042353545197739,0.1991313406292752,0.16535625282485863,0.20143359366391206,0.17544679258241766,0.19184277982954526,0.25375548317241337,0.28582175214899747,0.21766502402234642,0.295504545673759,0.249580161111111,0.20381765214180203,0.21662087059659088,0.18185817893129758,0.15747103457792214,0.14767669225352106,0.1681694082191782,0.18065464759887015,0.20906779659400546,0.2123765478330658,0.31714406712141857,0.30647552987721705,0.26225617341389723,0.21667437029972764,0.18829035857558163,0.1923124971034483,0.16094004391304365,,0.1905645581818181,0.20554613802816893,0.20178502595628386,0.1959013733711048,0.30571902632293074,0.2037703924324323,0.20156285081967226,0.18255435325203256,0.1564213683029452,0.19111945222072688,0.16779439746121305,0.1527635099865047,0.24203463746630716,0.17532726208333319,0.21466809851551943,0.21461785301542774,0.1982380811320755,0.23396219368279542,0.24709406903114192,0.2192680147540983,0.18387437263888884,0.1616736397039031,0.12618069875000007,0.1507084387228261,0.1838617858846919,,0.2322063383783785,,0.24882217181571809,0.1951824639889195,0.21960257103746397,0.20589564401076707,0.17837371305555547,0.17595312922868755,0.16875924687065355,0.16885715956873326,0.18543909650067295,0.4329232682008372,0.23964114830393488,0.24125252622720914,0.2323368993270525,0.22521186209677413,0.23141477482758632,,,,,,,,,,,,,,,,
E275843,0.24499316005472016,0.24525114155251146,0.2229558011049722,0.22094499294781342,0.1966302864938609,0.16934844192634568,0.17834013605442225,0.21552667578659335,0.20213256484149855,0.2166847826086956,0.22514893617021292,0.2203159340659337,0.24739782016348721,0.23239819004524834,0.21364511691884427,0.20399999999999976,0.1975837988826815,0.17595744680851086,0.16806584362139912,0.18204918032786907,0.21234042553191493,0.22480609418282538,0.22738700564971745,0.25696801112656437,0.21009536784741145,0.24565597667638428,0.21322888283378721,0.21272214386459817,0.1987994542974078,0.17541725601131541,0.1937465940054499,0.2352933151432465,0.24199434229137193,0.23349249658935864,0.22561877667140828,0.21998632010943905,0.25633879781420715,0.2361875945537063,0.21544959128065377,0.19170662905500704,0.18276720351390932,0.1651549295774648,0.155557083906465,0.1735967302452317,0.1870056497175144,0.21182810368349278,0.21957325746799444,0.23688524590163923,0.25080821917808144,0.20195121951219525,0.20680055401662026,0.19525352112676087,0.17613387978142073,0.15152758132956146,0.17259259259259238,0.20035567715458294,0.2132805755395681,0.20235875706214712,0.23759887005649669,0.23442670537010166,0.2556600013642562,0.24143254947209644,0.23292809602194792,0.2143026507964599,0.19111105047748952,0.17790083806818183,0.2185379140518421,0.1990948526603,0.19638109502923992,0.24505582929848724,0.23879829055007054,0.21617730737704907,0.22321773569482317,0.23508892690058458,0.21956628785811733,0.22001485431400258,0.20814919494535528,0.1858046345375722,0.18864317260273988,0.1995617411242603,0.20302435275813308,0.224949697107438,0.206725816925247,0.23269509343365238,0.24172647333333347,0.2260061629007631,0.19551022155771913,0.17784638581314882,0.15929705061391553,0.13730485056657227,0.131845605547653,0.2177825377384199,0.1893594564788734,0.1657257575716235,0.15732572863309355,0.18499515986394546,0.14945868360433617,0.16600163228228215,0.1619669182795698,0.14701117830319876,0.13561645033829503,0.11603021948529407,,,,0.20145307969230772,0.18134868887343525,0.16389681843876172,0.15966838102288014,0.16284639625407163,0.1644263751373627,0.14355477541666686,0.13769510324763196,0.13087322207792207,0.13108264769647704,0.17496242709766155,0.13996771436541142,0.1518671511470984,0.17518075327754545,0.1544183723719677,0.1410359620933522,0.1711930796242774,0.1386999862348179,0.12640809449929477,0.12672838660436123,0.13455448802228415,0.1625487474324326,0.1575868166666667,,,,,,,,,,,,,,,,,,,,,,
E283549,,,,,0.18516746411483279,0.1504867256637168,0.12475660639777447,0.1509829059829066,0.16587443946188363,0.19073770491803288,0.17143059490084975,0.17251023192360204,0.19795329670329664,0.19262839879154134,0.1760273972602742,0.16911016949152582,0.15680384087791505,0.12642253521126698,0.11009641873278242,0.11259208731241487,0.1257431192660552,0.17305364511691929,0.1863521126760565,0.21054131054131076,0.14962758620689617,0.1731432748538017,0.16463748290013708,0.16495049504950565,0.15170329670329685,0.12314971751412433,0.11814713896457749,0.1422332859174965,0.15926406926406983,0.1602816901408454,0.17402852049910877,0.1616530054644812,0.22668975069252,0.18051282051282075,0.17245901639344302,0.1543502824858759,0.1390550070521861,0.12248366013071899,0.10968275862068948,0.11357340720221619,0.13076163610719319,0.1663251366120219,0.19025641025641002,0.18830832196452954,0.17674681753889704,0.1543095599393019,0.15712691771269213,0.14768033946251768,0.13460689655172453,0.114625954198473,0.11258890469416809,0.126267217630854,0.15902158273381306,0.1571378708551486,0.17639639639639648,0.22347645429362856,0.1864586444444444,0.15881941230769236,0.15189819887955175,0.1410670220264317,0.12526480470914125,0.09515985281385274,0.13140327109266958,0.11625287517337032,0.11184053505007162,0.14370698743016766,0.1866905157593123,0.14744261026352298,0.17600065325936215,0.15927401041666664,0.14502816137931027,0.13712349642346205,0.12021807799442913,0.12500078591954009,0.12467640330578511,0.13091582892906822,0.12106714329004324,0.13672354424410527,0.13221936273381285,0.1512036568435753,0.1762755117728534,0.14972826989247306,0.13323816401673638,0.12913159358600582,0.12620037104895102,0.09737194454022999,0.08450247500000001,0.125370598335645,0.14589291482014408,0.14305869605077587,0.15460174767932486,0.22350174607558154,0.17896117585733864,0.19530930388639745,0.1690020020746889,0.13376621127167648,0.12267132601969064,0.09711502076023384,0.1148237706231453,0.22336295232067518,0.11939833114992723,0.15322582478873242,0.1598590048104958,0.14891548369963395,0.17845389686162624,0.1698376869565219,0.1679546546362341,0.1430044303779069,0.12247536262341319,0.09916529467787116,0.10478953534946252,0.12572043148648657,0.12296563560500696,0.14901863689189182,0.18595377214484698,0.16334690567567567,0.12905967432795723,0.15904141480406395,0.15316051250000012,0.13509357190542423,0.1212650497959184,0.09974831382681558,0.09269122905405398,0.1073505270889489,0.35209989441340783,0.14943242783783792,0.14881246225626762,0.16228111224764458,0.15321014439946015,0.1435559143511449,0.15254399495225096,0.1324400325874126,0.11961714417009595,0.10262998650568184,0.09016618986486484,0.13081189327052484,0.14909969776847964,0.15023998196500676,0.14966250013927573,0.15668470672947524,0.15573518409703516,0.15162703393393392,0.14569391383561658,0.1435747779971791,0.12341824777927317,0.10745671871165645
E289309,,,,,,,,,,,,,,,,,,,,,,,,,,,,,,,0.1532926829268291,0.18563888888888908,0.21329041487839734,0.20045101088647013,0.22317730496453908,0.20850940665701964,0.20282934131736524,0.2165757575757577,0.18610192837465622,0.16319148936170225,0.15449793672627243,0.13120124804992225,0.11966197183098579,0.12160975609756124,0.16420869565217405,0.23187845303867383,0.2009900990099012,0.2068413597733708,0.21852459016393425,0.1562232415902143,0.1752924393723257,0.1730680173661365,0.16206015037594007,0.1434130781499202,0.13152798789712558,0.159850136239782,0.17385401459854047,0.17383333333333378,0.21100660066006616,0.18478076379066496,0.22240797260273992,0.19696705000000025,0.20371121203830356,0.1841080309859156,0.16748585109289618,0.15920387737226271,0.18386279642365855,0.18043597355371901,0.1927635900709222,0.23542778830083552,0.254450851574213,0.21496430379746856,0.19283262657342656,0.18904862818590695,0.1847063044733045,0.18984429051094878,0.16567074789915942,0.15502019589257507,0.19590397327044048,0.1496136384180791,0.14360130969609258,0.16856305531295507,0.1712494567723344,0.17409877247190994,0.2036008791848617,0.17763495352564102,0.1687351897810218,0.1261117972560976,0.12993436705202308,0.09791122714285712,0.08550520798898072,0.17391091083676266,0.17053203531073455,0.14397377486187823,0.13035944035346092,0.16386168181818178,0.14510614802065389,0.16150764670658677,0.16565767945205478,0.15099306204906204,0.1398322496473906,0.11426281818181827,0.12734867532467517,0.22905484669479603,0.12138152256186306,0.164672606534091,0.1429170611353712,0.13019848519040889,0.15396878821879384,0.1401122564935066,0.16233713304721015,0.14037103529411762,0.11469129113924055,0.08274035942028986,0.0862234446002805,0.12030563061797758,0.10811358565153718,0.1353316058906029,0.16288196995708162,0.14387240215924435,0.12301988005390845,0.14869116133720944,0.1432989139784945,0.13296802653631284,0.12448769541778984,0.10318121557719055,0.10465769021739132,0.11606874831763116,0.35994505849582187,0.15021423472222223,0.14116964804469262,0.15066773989218335,0.14704344010767145,0.13045491087613284,0.1514056385869564,0.1356039120111732,0.12158056301369854,0.10897393181818192,0.08341612702702701,0.16157185115020298,0.149822477777778,0.14545041453566643,0.12777267224546734,0.12402186388140168,0.1650412749326143,0.14552088690476192,0.14185377523553167,0.13335973426573414,0.11887891924629897,0.10118270336391431
E316370,,,,,,,,,,,,,,,,,,,,,,,,,,,,,,,,,,,,,,,,,,,,,,,,,,,,,,,,,,,,,,,,,0.26738268156424605,0.21779745042492932,0.24656363636363612,0.25838252148997126,0.28331518624641866,0.40566836734693845,0.416955512572534,0.34399713055954084,0.5033921852387848,0.42438157894736805,0.32648626373626394,0.32303107861060315,0.2515136116152452,0.24542479338842976,0.22395863052781717,0.2901591220850481,0.3198364418938308,0.3616302864938606,0.3426633663366335,0.5440075414781294,0.6260980392156866,0.4633776435045314,0.29985112359550575,0.25489548022598846,0.29240716612377854,0.22044142857142865,0.21628764842681258,0.3541850595890408,0.35863441274787583,0.47296030546984535,0.3555197550497868,0.6401443660139859,0.42062940412213734,0.35270984469696964,0.35802800338983076,0.2790899801418438,0.2521259852564104,0.22291567642752558,0.2398407357643757,0.4165532571227077,0.3127950517167383,,,,0.6611084888324874,0.4489602131987579,0.418455395518207,0.30832411403508764,0.286839733661972,0.24091860014534863,0.24763962758132935,0.31961548581460675,0.3180324278425655,0.45623752358078595,0.7174486772173917,0.4377645050000006,0.3160471017591337,0.3761718736311237,0.32733451206657416,0.24821464783216815,0.21806578785425082,0.21000682363636355,0.2197926562162164,0.24613735700808634,0.5484352389758178,0.36795378546433355,0.38643983562412304,0.4828054220650634,0.40244943324099647,0.3218316433990893,0.3186208602475925,0.2769925967877095,0.21960391821917785,0.2143929231863444,0.23698076675749294,0.3107038124324326,0.34751228960674163,0.3893528186738839,0.36052489610570204,0.4046976105555555,0.3983562245614034,0.4103974823617341,0.32058542831978304,0.27062758408450704,0.2348938747638324,0.20182501723076932
